round,table,result,p1_id,p1_archetype_slug,p2_id,p2_archetype_slug
1,54,p2,0001,gardevoir-jellicent,0002,ceruledge-ex
1,117,tie,0003,gholdengo-lunatone,0004,mega-absol-box
1,88,p1,0005,gardevoir-ex-sv,0006,gardevoir-ex-sv
1,173,p2,0007,?,0008,raging-bolt-ogerpon
1,38,p1,0009,gholdengo-lunatone,0010,tera-box
1,51,p1,0011,gardevoir-ex-sv,0012,?
1,80,p2,0013,joltik-box,0014,joltik-box
1,133,p1,0015,charizard-pidgeot,0016,gardevoir-ex-sv
1,164,tie,0017,tera-box,0018,dragapult-dusknoir
1,65,p2,0019,gardevoir-jellicent,0020,grimmsnarl-froslass
1,141,tie,0021,dragapult-dusknoir,0022,dragapult-dusknoir
1,68,p2,0023,dragapult-dusknoir,0024,gardevoir-ex-sv
1,13,p1,0025,gardevoir-ex-sv,0026,gardevoir-ex-sv
1,90,p1,0027,tera-box,0028,manectric-eelektrik
1,152,p2,0029,gardevoir-ex-sv,0030,charizard-pidgeot
1,63,p1,0031,gardevoir-ex-sv,0032,froslass-munkidori
1,61,p2,0033,charizard-pidgeot,0034,joltik-box
1,135,p2,0035,tera-box,0036,flareon-noctowl
1,23,tie,0037,ceruledge-ex,0038,grimmsnarl-froslass
1,37,tie,0039,gholdengo-lunatone,0040,gholdengo-lunatone
1,8,p2,0041,dragapult-dusknoir,0042,gholdengo-joltik-box
1,31,tie,0043,ceruledge-ex,0044,other
1,157,p2,0045,gholdengo-lunatone,0046,n-zoroark
1,139,p2,0047,raging-bolt-ogerpon,0048,raging-bolt-ogerpon
1,168,tie,0049,gardevoir-jellicent,0050,mega-absol-box
1,113,p1,0051,gholdengo-lunatone,0052,charizard-pidgeot
1,24,p1,0053,joltik-box,0054,mega-absol-box
1,72,p1,0055,gholdengo-lunatone,0056,grimmsnarl-froslass
1,67,tie,0057,gholdengo-lunatone,0058,charizard-pidgeot
1,169,p2,0059,raging-bolt-ogerpon,0060,grimmsnarl-froslass
1,83,p2,0061,gholdengo-lunatone,0062,gardevoir-jellicent
1,110,p1,0063,gholdengo-lunatone,0064,dragapult-dusknoir
1,1,p2,0065,dragapult-dusknoir,0066,charizard-pidgeot
1,10,p1,0067,grimmsnarl-froslass,0068,gardevoir-ex-sv
1,91,p1,0069,gholdengo-lunatone,0070,cynthia-garchomp-ex
1,71,p2,0071,mega-venusaur-ex,0072,dragapult-dusknoir
1,101,p2,0073,gardevoir-jellicent,0074,mega-absol-box
1,158,p2,0075,pidgeot-control,0076,raging-bolt-ogerpon
1,70,tie,0077,raging-bolt-ogerpon,0078,mega-absol-box
1,50,p2,0079,gardevoir-ex-sv,0080,raging-bolt-ogerpon
1,95,p1,0081,dragapult-dusknoir,0082,dragapult-dusknoir
1,33,p2,0083,gardevoir-ex-sv,0084,joltik-box
1,106,p2,0085,dragapult-dusknoir,0086,joltik-box
1,41,p1,0087,gholdengo-lunatone,0088,joltik-box
1,96,p1,0089,crustle-dri,0090,gholdengo-lunatone
1,22,p1,0091,dragapult-dusknoir,0092,dragapult-dusknoir
1,112,p2,0093,dragapult-dusknoir,0094,mega-absol-box
1,14,p1,0095,gholdengo-lunatone,0096,raging-bolt-ogerpon
1,21,p1,0097,mega-absol-box,0098,ho-oh-armarouge
1,97,tie,0099,gholdengo-lunatone,0100,gholdengo-lunatone
1,130,p1,0101,gholdengo-lunatone,0102,grimmsnarl-froslass
1,26,p2,0103,dragapult-charizard,0104,joltik-box
1,45,p1,0105,gholdengo-lunatone,0106,gholdengo-lunatone
1,85,tie,0107,flareon-noctowl,0108,joltik-box
1,53,p1,0109,joltik-box,0110,gholdengo-lunatone
1,149,p2,0111,gholdengo-lunatone,0112,grimmsnarl-froslass
1,66,p1,0113,gholdengo-lunatone,0114,mega-absol-box
1,6,p1,0115,gholdengo-lunatone,0116,dragapult-dusknoir
1,79,p2,0117,raging-bolt-ogerpon,0118,raging-bolt-ogerpon
1,32,p2,0119,gardevoir-ex-sv,0120,dragapult-charizard
1,98,p2,0121,gardevoir-ex-sv,0122,n-zoroark
1,60,tie,0123,?,0124,gholdengo-lunatone
1,75,p2,0125,ceruledge-ex,0126,gholdengo-lunatone
1,140,tie,0127,gholdengo-lunatone,0128,grimmsnarl-froslass
1,12,p2,0129,hydreigon-ex,0130,ho-oh-armarouge
1,170,p1,0131,gholdengo-lunatone,0132,gholdengo-lunatone
1,159,p1,0133,gholdengo-lunatone,0134,gardevoir-ex-sv
1,49,p1,0135,dragapult-dusknoir,0136,crustle-dri
1,3,p1,0137,dragapult-dusknoir,0138,grimmsnarl-froslass
1,146,p1,0139,charizard-pidgeot,0140,grimmsnarl-froslass
1,107,p2,0141,?,0142,dragapult-dusknoir
1,5,tie,0143,raging-bolt-ogerpon,0144,flareon-ex
1,144,tie,0145,dragapult-dusknoir,0146,gardevoir-jellicent
1,62,p1,0147,gholdengo-lunatone,0148,alakazam-dudunsparce
1,82,tie,0149,gholdengo-joltik-box,0150,raging-bolt-ogerpon
1,105,p1,0151,charizard-pidgeot,0152,charizard-pidgeot
1,154,p2,0153,roaring-moon-ex,0154,tera-box
1,59,p2,0155,dragapult-dusknoir,0156,tera-box
1,143,p2,0157,gardevoir-jellicent,0158,mega-absol-box
1,114,tie,0159,raging-bolt-ogerpon,0160,gardevoir-ex-sv
1,125,p2,0161,gholdengo-lunatone,0162,manectric-eelektrik
1,86,p2,0163,ceruledge-ex,0164,joltik-box
1,155,tie,0165,n-zoroark,0166,gardevoir-ex-sv
1,55,p2,0167,grimmsnarl-froslass,0168,dragapult-dusknoir
1,134,tie,0169,charizard-pidgeot,0170,gardevoir-ex-sv
1,145,tie,0171,grimmsnarl-froslass,0172,grimmsnarl-froslass
1,142,p2,0173,joltik-box,0174,gholdengo-lunatone
1,81,p2,0175,grimmsnarl-froslass,0176,dragapult-dusknoir
1,87,p2,0177,ceruledge-ex,0178,gholdengo-lunatone
1,42,p1,0179,iron-hands-magneton,0180,charizard-pidgeot
1,165,p2,0181,gholdengo-lunatone,0182,festival-lead
1,30,p1,0183,joltik-box,0184,charizard-pidgeot
1,36,p1,0185,gholdengo-lunatone,0186,raging-bolt-ogerpon
1,78,p2,0187,gholdengo-lunatone,0188,joltik-box
1,124,tie,0189,gardevoir-ex-sv,0190,gardevoir-ex-sv
1,166,p1,0191,gholdengo-lunatone,0192,joltik-box
1,137,tie,0193,ceruledge-ex,0194,gholdengo-lunatone
1,100,p2,0195,?,0196,gardevoir-ex-sv
1,108,p1,0197,gholdengo-lunatone,0198,future-box
1,94,p2,0199,raging-bolt-ogerpon,0200,gardevoir-ex-sv
1,2,p1,0201,crustle-dri,0202,charizard-pidgeot
1,121,p1,0203,gholdengo-lunatone,0204,gholdengo-lunatone
1,29,p1,0205,mega-absol-box,0206,joltik-box
1,76,p1,0207,n-zoroark,0208,gardevoir-ex-sv
1,74,p1,0209,joltik-box,0210,dragapult-dusknoir
1,151,p2,0211,tera-box,0212,grimmsnarl-froslass
1,40,tie,0213,charizard-pidgeot,0214,gholdengo-lunatone
1,115,p2,0215,pidgeot-control,0216,grimmsnarl-froslass
1,131,tie,0217,gardevoir-ex-sv,0218,dragapult-dusknoir
1,148,p1,0219,raging-bolt-ogerpon,0220,raging-bolt-ogerpon
1,43,p1,0221,dragapult-dusknoir,0222,raging-bolt-ogerpon
1,104,p2,0223,grimmsnarl-froslass,0224,grimmsnarl-froslass
1,116,p2,0225,charizard-pidgeot,0226,mega-absol-box
1,18,p2,0227,ceruledge-ex,0228,charizard-pidgeot
1,73,p2,0229,roaring-moon-ex,0230,gardevoir-ex-sv
1,92,p1,0231,mega-absol-box,0232,flareon-noctowl
1,69,p2,0233,gholdengo-lunatone,0234,gholdengo-lunatone
1,17,p2,0235,charizard-pidgeot,0236,charizard-pidgeot
1,25,p2,0237,gardevoir-ex-sv,0238,gholdengo-joltik-box
1,15,p1,0239,gardevoir-jellicent,0240,gholdengo-lunatone
1,109,tie,0241,gholdengo-lunatone,0242,gholdengo-lunatone
1,111,tie,0243,ceruledge-ex,0244,gardevoir-ex-sv
1,103,p2,0245,gardevoir-ex-sv,0246,gholdengo-lunatone
1,19,p1,0247,mega-absol-box,0248,n-zoroark
1,120,tie,0249,charizard-pidgeot,0250,gholdengo-lunatone
1,28,p2,0251,gholdengo-lunatone,0252,raging-bolt-ogerpon
1,58,p2,0253,charizard-pidgeot,0254,ceruledge-ex
1,7,p1,0255,dragapult-dusknoir,0256,joltik-box
1,84,p1,0257,charizard-pidgeot,0258,gholdengo-lunatone
1,136,p2,0259,ceruledge-ex,0260,charizard-pidgeot
1,47,p2,0261,ethan-typhlosion,0262,dragapult-dusknoir
1,167,tie,0263,charizard-pidgeot,0264,dragapult-dusknoir
1,163,p2,0265,dragapult-dusknoir,0266,ceruledge-ex
1,150,p1,0267,dragapult-dusknoir,0268,gholdengo-lunatone
1,162,tie,0269,tera-box,0270,n-zoroark
1,48,p2,0271,joltik-box,0272,gardevoir-ex-sv
1,102,p2,0273,dragapult-dusknoir,0274,gardevoir-jellicent
1,35,p1,0275,gholdengo-lunatone,0276,mega-absol-box
1,39,tie,0277,gardevoir-ex-sv,0278,gardevoir-ex-sv
1,128,p1,0279,gardevoir-jellicent,0280,mega-venusaur-ex
1,171,p2,0281,joltik-box,0282,dragapult-dusknoir
1,16,tie,0283,gardevoir-ex-sv,0284,gholdengo-lunatone
1,161,p1,0285,gholdengo-lunatone,0286,lucario-hariyama
1,127,p2,0287,gardevoir-jellicent,0288,flareon-noctowl
1,153,p1,0289,n-zoroark,0290,dragapult-dusknoir
1,93,tie,0291,grimmsnarl-froslass,0292,gholdengo-lunatone
1,118,p2,0293,raging-bolt-ogerpon,0294,gholdengo-lunatone
1,,bye,0295,dragapult-dusknoir,,
1,147,p2,0296,gardevoir-ex-sv,0297,dragapult-dusknoir
1,99,tie,0298,raging-bolt-ogerpon,0299,raging-bolt-ogerpon
1,52,p1,0300,gardevoir-ex-sv,0301,tera-box
1,156,p2,0302,gardevoir-jellicent,0303,gardevoir-ex-sv
1,122,tie,0304,ceruledge-ex,0305,gholdengo-lunatone
1,126,tie,0306,raging-bolt-ogerpon,0307,gholdengo-lunatone
1,77,p2,0308,charizard-pidgeot,0309,dragapult-dusknoir
1,89,p2,0310,charizard-pidgeot,0311,dragapult-dusknoir
1,4,p2,0312,grimmsnarl-froslass,0313,gholdengo-lunatone
1,20,tie,0314,dragapult-dusknoir,0315,charizard-pidgeot
1,46,p2,0316,zoroark-crustle,0317,slowking-scr
1,119,p1,0318,archaludon-ex,0319,dragapult-dusknoir
1,11,p2,0320,palafin-ex,0321,dragapult-dusknoir
1,138,p1,0322,tera-box,0323,joltik-box
1,132,tie,0324,charizard-pidgeot,0325,dragapult-dusknoir
1,57,p2,0326,joltik-box,0327,zoroark-crustle
1,64,p2,0328,flareon-noctowl,0329,gardevoir-ex-sv
1,172,tie,0330,tera-box,0331,dragapult-dusknoir
1,129,p1,0332,ceruledge-ex,0333,dragapult-dusknoir
1,44,p1,0334,dragapult-dusknoir,0335,charizard-pidgeot
1,27,p1,0336,charizard-pidgeot,0337,ceruledge-ex
1,56,p2,0338,tera-box,0339,gardevoir-ex-sv
1,123,p1,0340,gardevoir-ex-sv,0341,mega-absol-box
1,9,p2,0342,gardevoir-ex-sv,0343,raging-bolt-ogerpon
1,174,tie,0344,ethan-typhlosion,0345,ogerpon-ex
1,160,p2,0346,dragapult-charizard,0347,gardevoir-ex-sv
1,34,p2,0348,raging-bolt-ogerpon,0349,n-zoroark
1,,unpaired,0350,ceruledge-ex,,
2,122,p2,0001,gardevoir-jellicent,0079,gardevoir-ex-sv
2,91,p2,0003,gholdengo-lunatone,0145,dragapult-dusknoir
2,38,tie,0005,gardevoir-ex-sv,0197,gholdengo-lunatone
2,3,tie,0011,gardevoir-ex-sv,0349,n-zoroark
2,35,p1,0015,charizard-pidgeot,0024,gardevoir-ex-sv
2,136,tie,0013,joltik-box,0119,gardevoir-ex-sv
2,155,tie,0007,?,0186,raging-bolt-ogerpon
2,53,p2,0009,gholdengo-lunatone,0048,raging-bolt-ogerpon
2,77,p1,0017,tera-box,0330,tera-box
2,123,p1,0019,gardevoir-jellicent,0141,?
2,104,p1,0021,dragapult-dusknoir,0038,grimmsnarl-froslass
2,5,p2,0027,tera-box,0300,gardevoir-ex-sv
2,39,p1,0025,gardevoir-ex-sv,0252,raging-bolt-ogerpon
2,173,tie,0023,dragapult-dusknoir,0073,gardevoir-jellicent
2,47,p1,0031,gardevoir-ex-sv,0203,gholdengo-lunatone
2,147,p2,0029,gardevoir-ex-sv,0088,joltik-box
2,108,tie,0033,charizard-pidgeot,0261,ethan-typhlosion
2,99,tie,0037,ceruledge-ex,0315,charizard-pidgeot
2,150,p2,0035,tera-box,0012,?
2,97,p1,0039,gholdengo-lunatone,0345,ogerpon-ex
2,165,p2,0041,dragapult-dusknoir,0223,grimmsnarl-froslass
2,170,tie,0045,gholdengo-lunatone,0032,froslass-munkidori
2,94,p1,0043,ceruledge-ex,0250,gholdengo-lunatone
2,168,p2,0047,raging-bolt-ogerpon,0265,dragapult-dusknoir
2,96,p1,0049,gardevoir-jellicent,0299,raging-bolt-ogerpon
2,64,p2,0051,gholdengo-lunatone,0034,joltik-box
2,55,p2,0053,joltik-box,0142,dragapult-dusknoir
2,41,tie,0030,charizard-pidgeot,0329,gardevoir-ex-sv
2,68,p1,0055,gholdengo-lunatone,0158,mega-absol-box
2,88,p1,0057,gholdengo-lunatone,0077,raging-bolt-ogerpon
2,145,p1,0059,raging-bolt-ogerpon,0054,mega-absol-box
2,146,p2,0061,gholdengo-lunatone,0157,gardevoir-jellicent
2,6,tie,0063,gholdengo-lunatone,0084,joltik-box
2,157,p2,0065,dragapult-dusknoir,0287,gardevoir-jellicent
2,144,p2,0071,mega-venusaur-ex,0237,gardevoir-ex-sv
2,62,p2,0067,grimmsnarl-froslass,0207,n-zoroark
2,1,p2,0069,gholdengo-lunatone,0104,joltik-box
2,137,tie,0075,pidgeot-control,0181,gholdengo-lunatone
2,76,p2,0050,mega-absol-box,0291,grimmsnarl-froslass
2,24,p2,0081,dragapult-dusknoir,0343,raging-bolt-ogerpon
2,133,p1,0083,gardevoir-ex-sv,0192,joltik-box
2,116,p2,0085,dragapult-dusknoir,0258,gholdengo-lunatone
2,26,p1,0089,crustle-dri,0156,tera-box
2,167,p2,0016,gardevoir-ex-sv,0232,flareon-noctowl
2,37,p2,0087,gholdengo-lunatone,0209,joltik-box
2,49,p1,0091,dragapult-dusknoir,0254,ceruledge-ex
2,162,p1,0093,dragapult-dusknoir,0348,raging-bolt-ogerpon
2,19,tie,0095,gholdengo-lunatone,0340,gardevoir-ex-sv
2,63,p2,0097,mega-absol-box,0230,gardevoir-ex-sv
2,86,p1,0099,gholdengo-lunatone,0022,dragapult-dusknoir
2,2,p2,0101,gholdengo-lunatone,0014,joltik-box
2,60,p1,0105,gholdengo-lunatone,0060,grimmsnarl-froslass
2,46,p2,0109,joltik-box,0275,gholdengo-lunatone
2,164,tie,0103,dragapult-charizard,0132,gholdengo-lunatone
2,70,p2,0107,flareon-noctowl,0270,n-zoroark
2,12,p1,0074,mega-absol-box,0182,festival-lead
2,149,tie,0111,gholdengo-lunatone,0333,dragapult-dusknoir
2,57,p2,0113,gholdengo-lunatone,0131,gholdengo-lunatone
2,61,p1,0115,gholdengo-lunatone,0086,joltik-box
2,54,p2,0080,raging-bolt-ogerpon,0151,charizard-pidgeot
2,135,p2,0117,raging-bolt-ogerpon,0208,gardevoir-ex-sv
2,73,p2,0123,?,0243,ceruledge-ex
2,142,p2,0129,hydreigon-ex,0225,charizard-pidgeot
2,120,p2,0121,gardevoir-ex-sv,0116,dragapult-dusknoir
2,174,p2,0125,ceruledge-ex,0296,gardevoir-ex-sv
2,105,p1,0127,gholdengo-lunatone,0166,gardevoir-ex-sv
2,25,p1,0133,gholdengo-lunatone,0303,gardevoir-ex-sv
2,59,p1,0135,dragapult-dusknoir,0036,flareon-noctowl
2,65,p1,0137,dragapult-dusknoir,0164,joltik-box
2,7,tie,0139,charizard-pidgeot,0118,raging-bolt-ogerpon
2,83,tie,0143,raging-bolt-ogerpon,0128,grimmsnarl-froslass
2,69,p2,0149,gholdengo-joltik-box,0108,joltik-box
2,143,tie,0140,grimmsnarl-froslass,0092,dragapult-dusknoir
2,52,p1,0147,gholdengo-lunatone,0321,dragapult-dusknoir
2,117,p1,0134,gardevoir-ex-sv,0206,joltik-box
2,78,p2,0124,gholdengo-lunatone,0307,gholdengo-lunatone
2,126,p1,0153,roaring-moon-ex,0320,palafin-ex
2,154,p1,0155,dragapult-dusknoir,0106,gholdengo-lunatone
2,90,p2,0018,dragapult-dusknoir,0150,raging-bolt-ogerpon
2,67,p2,0002,ceruledge-ex,0008,raging-bolt-ogerpon
2,102,p1,0159,raging-bolt-ogerpon,0218,dragapult-dusknoir
2,111,p1,0161,gholdengo-lunatone,0240,gholdengo-lunatone
2,141,p1,0163,ceruledge-ex,0114,mega-absol-box
2,98,tie,0165,n-zoroark,0004,mega-absol-box
2,119,tie,0102,grimmsnarl-froslass,0337,ceruledge-ex
2,148,p1,0136,crustle-dri,0268,gholdengo-lunatone
2,34,tie,0162,manectric-eelektrik,0327,zoroark-crustle
2,89,p1,0171,grimmsnarl-froslass,0058,charizard-pidgeot
2,113,p2,0006,gardevoir-ex-sv,0293,raging-bolt-ogerpon
2,106,p2,0169,charizard-pidgeot,0100,gholdengo-lunatone
2,112,p1,0173,joltik-box,0335,charizard-pidgeot
2,129,p1,0167,grimmsnarl-froslass,0202,charizard-pidgeot
2,127,p1,0175,grimmsnarl-froslass,0256,joltik-box
2,125,p2,0070,cynthia-garchomp-ex,0096,raging-bolt-ogerpon
2,29,p1,0179,iron-hands-magneton,0332,ceruledge-ex
2,74,p2,0040,gholdengo-lunatone,0298,raging-bolt-ogerpon
2,130,p2,0177,ceruledge-ex,0342,gardevoir-ex-sv
2,87,p1,0172,grimmsnarl-froslass,0263,charizard-pidgeot
2,43,tie,0185,gholdengo-lunatone,0205,mega-absol-box
2,115,p2,0187,gholdengo-lunatone,0220,raging-bolt-ogerpon
2,71,p1,0189,gardevoir-ex-sv,0277,gardevoir-ex-sv
2,8,tie,0191,gholdengo-lunatone,0239,gardevoir-jellicent
2,10,p2,0183,joltik-box,0120,dragapult-charizard
2,82,p1,0193,ceruledge-ex,0144,flareon-ex
2,56,p2,0072,dragapult-dusknoir,0219,raging-bolt-ogerpon
2,51,p1,0196,gardevoir-ex-sv,0288,flareon-noctowl
2,171,tie,0199,raging-bolt-ogerpon,0346,dragapult-charizard
2,110,tie,0152,charizard-pidgeot,0328,flareon-noctowl
2,20,p2,0201,crustle-dri,0267,dragapult-dusknoir
2,14,p2,0066,charizard-pidgeot,0228,charizard-pidgeot
2,166,tie,0098,ho-oh-armarouge,0064,dragapult-dusknoir
2,72,p2,0146,gardevoir-jellicent,0304,ceruledge-ex
2,109,p1,0211,tera-box,0290,dragapult-dusknoir
2,118,p1,0090,gholdengo-lunatone,0184,charizard-pidgeot
2,81,tie,0213,charizard-pidgeot,0264,dragapult-dusknoir
2,161,p2,0215,pidgeot-control,0229,roaring-moon-ex
2,84,p1,0217,gardevoir-ex-sv,0160,gardevoir-ex-sv
2,11,p2,0221,dragapult-dusknoir,0212,grimmsnarl-froslass
2,9,p2,0020,grimmsnarl-froslass,0076,raging-bolt-ogerpon
2,172,tie,0227,ceruledge-ex,0302,gardevoir-jellicent
2,159,tie,0138,grimmsnarl-froslass,0281,joltik-box
2,30,p2,0231,mega-absol-box,0236,charizard-pidgeot
2,128,p1,0233,gholdengo-lunatone,0326,joltik-box
2,138,p1,0235,charizard-pidgeot,0316,zoroark-crustle
2,93,p1,0241,gholdengo-lunatone,0044,other
2,151,p1,0245,gardevoir-ex-sv,0056,grimmsnarl-froslass
2,44,p1,0247,mega-absol-box,0130,ho-oh-armarouge
2,95,p1,0249,charizard-pidgeot,0269,tera-box
2,153,p1,0253,charizard-pidgeot,0259,ceruledge-ex
2,139,p1,0110,gholdengo-lunatone,0323,joltik-box
2,132,p1,0251,gholdengo-lunatone,0312,grimmsnarl-froslass
2,121,p1,0204,gholdengo-lunatone,0341,mega-absol-box
2,15,p2,0255,dragapult-dusknoir,0224,grimmsnarl-froslass
2,42,p2,0257,charizard-pidgeot,0262,dragapult-dusknoir
2,169,p2,0148,alakazam-dudunsparce,0210,dragapult-dusknoir
2,156,p1,0271,joltik-box,0273,dragapult-dusknoir
2,163,p2,0248,n-zoroark,0280,mega-venusaur-ex
2,36,p1,0062,gardevoir-jellicent,0309,dragapult-dusknoir
2,13,p1,0042,gholdengo-joltik-box,0122,n-zoroark
2,107,tie,0170,gardevoir-ex-sv,0305,gholdengo-lunatone
2,21,p2,0279,gardevoir-jellicent,0246,gholdengo-lunatone
2,85,p1,0283,gardevoir-ex-sv,0292,gholdengo-lunatone
2,32,p2,0285,gholdengo-lunatone,0238,gholdengo-joltik-box
2,33,p2,0234,gholdengo-lunatone,0188,joltik-box
2,27,tie,0289,n-zoroark,0176,dragapult-dusknoir
2,22,tie,0260,charizard-pidgeot,0347,gardevoir-ex-sv
2,31,p2,0094,mega-absol-box,0294,gholdengo-lunatone
2,16,p1,0295,dragapult-dusknoir,0311,dragapult-dusknoir
2,160,p2,0028,manectric-eelektrik,0068,gardevoir-ex-sv
2,134,tie,0082,dragapult-dusknoir,0286,lucario-hariyama
2,48,tie,0274,gardevoir-jellicent,0126,gholdengo-lunatone
2,79,p1,0284,gholdengo-lunatone,0244,gardevoir-ex-sv
2,50,p2,0266,ceruledge-ex,0282,dragapult-dusknoir
2,75,p2,0306,raging-bolt-ogerpon,0325,dragapult-dusknoir
2,140,p2,0308,charizard-pidgeot,0319,dragapult-dusknoir
2,131,p2,0010,tera-box,0338,tera-box
2,17,tie,0226,mega-absol-box,0272,gardevoir-ex-sv
2,45,tie,0216,grimmsnarl-froslass,0200,gardevoir-ex-sv
2,124,p2,0198,future-box,0276,mega-absol-box
2,152,tie,0310,charizard-pidgeot,0180,charizard-pidgeot
2,158,p1,0301,tera-box,0026,gardevoir-ex-sv
2,92,tie,0314,dragapult-dusknoir,0324,charizard-pidgeot
2,40,tie,0313,gholdengo-lunatone,0174,gholdengo-lunatone
2,4,tie,0318,archaludon-ex,0178,gholdengo-lunatone
2,103,p2,0214,gholdengo-lunatone,0242,gholdengo-lunatone
2,101,p2,0190,gardevoir-ex-sv,0078,mega-absol-box
2,18,p2,0322,tera-box,0339,gardevoir-ex-sv
2,80,p1,0194,gholdengo-lunatone,0344,ethan-typhlosion
2,,bye,0350,ceruledge-ex,,
2,66,p2,0112,grimmsnarl-froslass,0168,dragapult-dusknoir
2,28,p2,0317,slowking-scr,0336,charizard-pidgeot
2,23,p1,0334,dragapult-dusknoir,0046,n-zoroark
2,58,p2,0154,tera-box,0297,dragapult-dusknoir
2,100,tie,0278,gardevoir-ex-sv,0331,dragapult-dusknoir
2,114,p1,0052,charizard-pidgeot,0222,raging-bolt-ogerpon
3,171,tie,0001,gardevoir-jellicent,0129,hydreigon-ex
3,149,p2,0003,gholdengo-lunatone,0302,gardevoir-jellicent
3,37,p1,0005,gardevoir-ex-sv,0270,n-zoroark
3,25,tie,0015,charizard-pidgeot,0212,grimmsnarl-froslass
3,96,p2,0009,gholdengo-lunatone,0276,mega-absol-box
3,118,tie,0013,joltik-box,0166,gardevoir-ex-sv
3,138,p1,0007,?,0092,dragapult-dusknoir
3,55,p1,0011,gardevoir-ex-sv,0159,raging-bolt-ogerpon
3,33,p1,0017,tera-box,0304,ceruledge-ex
3,70,p1,0019,gardevoir-jellicent,0096,raging-bolt-ogerpon
3,52,p2,0021,dragapult-dusknoir,0108,joltik-box
3,103,p2,0027,tera-box,0255,dragapult-dusknoir
3,129,p1,0023,dragapult-dusknoir,0064,dragapult-dusknoir
3,23,p1,0025,gardevoir-ex-sv,0238,gholdengo-joltik-box
3,158,p2,0029,gardevoir-ex-sv,0106,gholdengo-lunatone
3,9,p1,0031,gardevoir-ex-sv,0089,crustle-dri
3,119,p2,0033,charizard-pidgeot,0169,charizard-pidgeot
3,110,tie,0037,ceruledge-ex,0173,joltik-box
3,166,p2,0035,tera-box,0121,gardevoir-ex-sv
3,41,p2,0039,gholdengo-lunatone,0307,gholdengo-lunatone
3,167,p2,0041,dragapult-dusknoir,0348,raging-bolt-ogerpon
3,58,p1,0043,ceruledge-ex,0084,joltik-box
3,126,p2,0045,gholdengo-lunatone,0227,ceruledge-ex
3,152,p1,0047,raging-bolt-ogerpon,0028,manectric-eelektrik
3,32,p2,0049,gardevoir-jellicent,0289,n-zoroark
3,105,p1,0051,gholdengo-lunatone,0053,joltik-box
3,40,p1,0030,charizard-pidgeot,0172,grimmsnarl-froslass
3,17,tie,0055,gholdengo-lunatone,0228,charizard-pidgeot
3,46,p2,0057,gholdengo-lunatone,0272,gardevoir-ex-sv
3,67,tie,0059,raging-bolt-ogerpon,0201,crustle-dri
3,154,p1,0061,gholdengo-lunatone,0065,dragapult-dusknoir
3,34,p1,0063,gholdengo-lunatone,0189,gardevoir-ex-sv
3,169,tie,0071,mega-venusaur-ex,0056,grimmsnarl-froslass
3,106,p1,0067,grimmsnarl-froslass,0229,roaring-moon-ex
3,64,p1,0069,gholdengo-lunatone,0134,gardevoir-ex-sv
3,150,tie,0073,gardevoir-jellicent,0326,joltik-box
3,148,p2,0075,pidgeot-control,0310,charizard-pidgeot
3,133,p2,0050,mega-absol-box,0040,gholdengo-lunatone
3,125,p1,0077,raging-bolt-ogerpon,0263,charizard-pidgeot
3,61,tie,0081,dragapult-dusknoir,0012,?
3,92,p1,0079,gardevoir-ex-sv,0296,gardevoir-ex-sv
3,84,p2,0083,gardevoir-ex-sv,0024,gardevoir-ex-sv
3,162,p2,0085,dragapult-dusknoir,0198,future-box
3,19,tie,0091,dragapult-dusknoir,0147,gholdengo-lunatone
3,172,p2,0016,gardevoir-ex-sv,0187,gholdengo-lunatone
3,88,p1,0087,gholdengo-lunatone,0211,tera-box
3,72,p2,0093,dragapult-dusknoir,0156,tera-box
3,43,p2,0095,gholdengo-lunatone,0145,dragapult-dusknoir
3,86,p2,0097,mega-absol-box,0101,gholdengo-lunatone
3,53,p2,0099,gholdengo-lunatone,0162,manectric-eelektrik
3,101,p1,0109,joltik-box,0321,dragapult-dusknoir
3,145,p1,0103,dragapult-charizard,0330,tera-box
3,104,tie,0060,grimmsnarl-froslass,0161,gholdengo-lunatone
3,117,p2,0107,flareon-noctowl,0305,gholdengo-lunatone
3,1,p1,0105,gholdengo-lunatone,0219,raging-bolt-ogerpon
3,8,p2,0074,mega-absol-box,0339,gardevoir-ex-sv
3,130,p1,0111,gholdengo-lunatone,0022,dragapult-dusknoir
3,108,p1,0113,gholdengo-lunatone,0153,roaring-moon-ex
3,11,p1,0115,gholdengo-lunatone,0297,dragapult-dusknoir
3,122,p1,0119,gardevoir-ex-sv,0190,gardevoir-ex-sv
3,95,tie,0080,raging-bolt-ogerpon,0116,dragapult-dusknoir
3,156,p1,0117,raging-bolt-ogerpon,0248,n-zoroark
3,153,tie,0125,ceruledge-ex,0202,charizard-pidgeot
3,51,p2,0127,gholdengo-lunatone,0118,raging-bolt-ogerpon
3,124,p2,0123,?,0152,charizard-pidgeot
3,18,p1,0131,gholdengo-lunatone,0334,dragapult-dusknoir
3,21,p2,0133,gholdengo-lunatone,0179,iron-hands-magneton
3,10,tie,0104,joltik-box,0188,joltik-box
3,12,p1,0135,dragapult-dusknoir,0267,dragapult-dusknoir
3,13,tie,0137,dragapult-dusknoir,0062,gardevoir-jellicent
3,42,p1,0139,charizard-pidgeot,0150,raging-bolt-ogerpon
3,155,p1,0141,?,0026,gardevoir-ex-sv
3,114,p1,0143,raging-bolt-ogerpon,0213,charizard-pidgeot
3,132,p1,0149,gholdengo-joltik-box,0306,raging-bolt-ogerpon
3,120,tie,0140,grimmsnarl-froslass,0261,ethan-typhlosion
3,3,p2,0151,charizard-pidgeot,0262,dragapult-dusknoir
3,128,p1,0124,gholdengo-lunatone,0333,dragapult-dusknoir
3,140,p1,0018,dragapult-dusknoir,0199,raging-bolt-ogerpon
3,62,p1,0157,gardevoir-jellicent,0154,tera-box
3,89,p1,0155,dragapult-dusknoir,0235,charizard-pidgeot
3,139,p1,0032,froslass-munkidori,0269,tera-box
3,80,p1,0086,joltik-box,0208,gardevoir-ex-sv
3,87,p1,0002,ceruledge-ex,0122,n-zoroark
3,26,tie,0034,joltik-box,0076,raging-bolt-ogerpon
3,73,p2,0163,ceruledge-ex,0231,mega-absol-box
3,112,p1,0165,n-zoroark,0278,gardevoir-ex-sv
3,136,p1,0102,grimmsnarl-froslass,0146,gardevoir-jellicent
3,90,p1,0136,crustle-dri,0253,charizard-pidgeot
3,163,p2,0006,gardevoir-ex-sv,0177,ceruledge-ex
3,45,p1,0171,grimmsnarl-froslass,0078,mega-absol-box
3,75,tie,0167,grimmsnarl-froslass,0130,ho-oh-armarouge
3,68,p2,0175,grimmsnarl-froslass,0036,flareon-noctowl
3,121,p1,0181,gholdengo-lunatone,0144,flareon-ex
3,157,p1,0070,cynthia-garchomp-ex,0192,joltik-box
3,49,p2,0191,gholdengo-lunatone,0185,gholdengo-lunatone
3,78,p1,0183,joltik-box,0223,grimmsnarl-froslass
3,54,p1,0193,ceruledge-ex,0283,gardevoir-ex-sv
3,69,p2,0072,dragapult-dusknoir,0090,gholdengo-lunatone
3,16,p1,0196,gardevoir-ex-sv,0336,charizard-pidgeot
3,113,p2,0004,mega-absol-box,0128,grimmsnarl-froslass
3,39,p1,0197,gholdengo-lunatone,0291,grimmsnarl-froslass
3,83,p1,0203,gholdengo-lunatone,0293,raging-bolt-ogerpon
3,38,p1,0205,mega-absol-box,0327,zoroark-crustle
3,159,tie,0054,mega-absol-box,0259,ceruledge-ex
3,85,p1,0066,charizard-pidgeot,0046,n-zoroark
3,5,p1,0120,dragapult-charizard,0142,dragapult-dusknoir
3,6,p2,0207,n-zoroark,0343,raging-bolt-ogerpon
3,146,tie,0098,ho-oh-armarouge,0337,ceruledge-ex
3,14,p1,0209,joltik-box,0300,gardevoir-ex-sv
3,164,p1,0215,pidgeot-control,0184,charizard-pidgeot
3,170,p1,0206,joltik-box,0240,gholdengo-lunatone
3,47,p2,0217,gardevoir-ex-sv,0325,dragapult-dusknoir
3,91,p2,0221,dragapult-dusknoir,0309,dragapult-dusknoir
3,74,p2,0225,charizard-pidgeot,0204,gholdengo-lunatone
3,102,p1,0158,mega-absol-box,0287,gardevoir-jellicent
3,77,tie,0020,grimmsnarl-froslass,0288,flareon-noctowl
3,134,p1,0138,grimmsnarl-froslass,0218,dragapult-dusknoir
3,63,tie,0233,gholdengo-lunatone,0338,tera-box
3,60,p1,0237,gardevoir-ex-sv,0280,mega-venusaur-ex
3,57,p2,0239,gardevoir-jellicent,0249,charizard-pidgeot
3,31,p1,0241,gholdengo-lunatone,0274,gardevoir-jellicent
3,50,p2,0243,ceruledge-ex,0242,gholdengo-lunatone
3,59,p1,0245,gardevoir-ex-sv,0164,joltik-box
3,81,p1,0232,flareon-noctowl,0350,ceruledge-ex
3,15,p1,0247,mega-absol-box,0168,dragapult-dusknoir
3,107,p1,0110,gholdengo-lunatone,0094,mega-absol-box
3,98,p2,0251,gholdengo-lunatone,0258,gholdengo-lunatone
3,147,tie,0186,raging-bolt-ogerpon,0286,lucario-hariyama
3,71,p1,0257,charizard-pidgeot,0311,dragapult-dusknoir
3,137,p1,0058,charizard-pidgeot,0250,gholdengo-lunatone
3,7,p2,0230,gardevoir-ex-sv,0048,raging-bolt-ogerpon
3,109,tie,0265,dragapult-dusknoir,0303,gardevoir-ex-sv
3,173,p2,0148,alakazam-dudunsparce,0323,joltik-box
3,79,tie,0271,joltik-box,0068,gardevoir-ex-sv
3,2,p2,0275,gholdengo-lunatone,0008,raging-bolt-ogerpon
3,4,tie,0042,gholdengo-joltik-box,0246,gholdengo-lunatone
3,111,tie,0264,dragapult-dusknoir,0314,dragapult-dusknoir
3,94,p2,0279,gardevoir-jellicent,0322,tera-box
3,115,tie,0170,gardevoir-ex-sv,0315,charizard-pidgeot
3,135,tie,0277,gardevoir-ex-sv,0082,dragapult-dusknoir
3,143,p2,0281,joltik-box,0244,gardevoir-ex-sv
3,93,p2,0285,gholdengo-lunatone,0342,gardevoir-ex-sv
3,100,p2,0234,gholdengo-lunatone,0088,joltik-box
3,35,p2,0260,charizard-pidgeot,0284,gholdengo-lunatone
3,20,p1,0295,dragapult-dusknoir,0224,grimmsnarl-froslass
3,44,p1,0298,raging-bolt-ogerpon,0178,gholdengo-lunatone
3,160,p2,0114,mega-absol-box,0268,gholdengo-lunatone
3,82,p2,0210,dragapult-dusknoir,0254,ceruledge-ex
3,65,tie,0266,ceruledge-ex,0319,dragapult-dusknoir
3,161,p2,0308,charizard-pidgeot,0335,charizard-pidgeot
3,144,tie,0044,other,0299,raging-bolt-ogerpon
3,168,p2,0010,tera-box,0316,zoroark-crustle
3,24,p1,0236,charizard-pidgeot,0014,joltik-box
3,22,p1,0282,dragapult-dusknoir,0294,gholdengo-lunatone
3,76,p2,0301,tera-box,0182,festival-lead
3,48,tie,0226,mega-absol-box,0100,gholdengo-lunatone
3,30,p1,0216,grimmsnarl-froslass,0329,gardevoir-ex-sv
3,127,tie,0038,grimmsnarl-froslass,0346,dragapult-charizard
3,56,p2,0313,gholdengo-lunatone,0176,dragapult-dusknoir
3,165,p1,0290,dragapult-dusknoir,0341,mega-absol-box
3,36,p1,0174,gholdengo-lunatone,0126,gholdengo-lunatone
3,28,tie,0318,archaludon-ex,0200,gardevoir-ex-sv
3,123,p2,0214,gholdengo-lunatone,0345,ogerpon-ex
3,151,p2,0320,palafin-ex,0256,joltik-box
3,131,p2,0328,flareon-noctowl,0132,gholdengo-lunatone
3,141,p1,0180,charizard-pidgeot,0292,gholdengo-lunatone
3,116,p2,0324,charizard-pidgeot,0331,dragapult-dusknoir
3,29,p1,0194,gholdengo-lunatone,0349,n-zoroark
3,66,p2,0332,ceruledge-ex,0220,raging-bolt-ogerpon
3,99,p2,0112,grimmsnarl-froslass,0252,raging-bolt-ogerpon
3,97,p1,0317,slowking-scr,0052,charizard-pidgeot
3,142,tie,0160,gardevoir-ex-sv,0344,ethan-typhlosion
3,27,tie,0340,gardevoir-ex-sv,0347,gardevoir-ex-sv
3,,bye,0222,raging-bolt-ogerpon,,
4,154,p2,0001,gardevoir-jellicent,0292,gholdengo-lunatone
4,151,tie,0003,gholdengo-lunatone,0330,tera-box
4,24,p2,0005,gardevoir-ex-sv,0241,gholdengo-lunatone
4,25,p2,0011,gardevoir-ex-sv,0242,gholdengo-lunatone
4,110,p1,0009,gholdengo-lunatone,0175,grimmsnarl-froslass
4,139,p2,0013,joltik-box,0004,mega-absol-box
4,95,p2,0007,?,0327,zoroark-crustle
4,21,p1,0015,charizard-pidgeot,0139,charizard-pidgeot
4,19,tie,0017,tera-box,0176,dragapult-dusknoir
4,41,tie,0019,gardevoir-jellicent,0066,charizard-pidgeot
4,69,p2,0021,dragapult-dusknoir,0310,charizard-pidgeot
4,5,tie,0025,gardevoir-ex-sv,0247,mega-absol-box
4,124,p1,0027,tera-box,0256,joltik-box
4,91,tie,0023,dragapult-dusknoir,0189,gardevoir-ex-sv
4,8,p2,0031,gardevoir-ex-sv,0295,dragapult-dusknoir
4,161,p1,0033,charizard-pidgeot,0202,charizard-pidgeot
4,114,tie,0037,ceruledge-ex,0177,ceruledge-ex
4,167,p1,0035,tera-box,0148,alakazam-dudunsparce
4,97,tie,0039,gholdengo-lunatone,0103,dragapult-charizard
4,30,p1,0043,ceruledge-ex,0091,dragapult-dusknoir
4,163,p2,0045,gholdengo-lunatone,0269,tera-box
4,133,p2,0047,raging-bolt-ogerpon,0235,charizard-pidgeot
4,92,p2,0049,gardevoir-jellicent,0161,gholdengo-lunatone
4,36,p1,0051,gholdengo-lunatone,0086,joltik-box
4,134,p2,0053,joltik-box,0311,dragapult-dusknoir
4,18,p2,0055,gholdengo-lunatone,0171,grimmsnarl-froslass
4,16,p1,0030,charizard-pidgeot,0298,raging-bolt-ogerpon
4,76,tie,0057,gholdengo-lunatone,0078,mega-absol-box
4,73,p1,0059,raging-bolt-ogerpon,0130,ho-oh-armarouge
4,118,tie,0061,gholdengo-lunatone,0268,gholdengo-lunatone
4,20,p1,0063,gholdengo-lunatone,0108,joltik-box
4,169,tie,0065,dragapult-dusknoir,0010,tera-box
4,52,tie,0067,grimmsnarl-froslass,0158,mega-absol-box
4,35,p1,0069,gholdengo-lunatone,0276,mega-absol-box
4,144,tie,0073,gardevoir-jellicent,0098,ho-oh-armarouge
4,153,p2,0075,pidgeot-control,0190,gardevoir-ex-sv
4,156,p2,0050,mega-absol-box,0250,gholdengo-lunatone
4,68,p2,0077,raging-bolt-ogerpon,0032,froslass-munkidori
4,82,p1,0081,dragapult-dusknoir,0233,gholdengo-lunatone
4,34,p1,0079,gardevoir-ex-sv,0109,joltik-box
4,105,tie,0083,gardevoir-ex-sv,0225,charizard-pidgeot
4,171,p2,0085,dragapult-dusknoir,0184,charizard-pidgeot
4,44,p1,0089,crustle-dri,0254,ceruledge-ex
4,37,tie,0087,gholdengo-lunatone,0275,gholdengo-lunatone
4,164,p1,0016,gardevoir-ex-sv,0259,ceruledge-ex
4,136,p2,0093,dragapult-dusknoir,0122,n-zoroark
4,99,p2,0095,gholdengo-lunatone,0201,crustle-dri
4,116,tie,0097,mega-absol-box,0164,joltik-box
4,96,p1,0099,gholdengo-lunatone,0338,tera-box
4,53,p2,0101,gholdengo-lunatone,0142,dragapult-dusknoir
4,87,p1,0060,grimmsnarl-froslass,0018,dragapult-dusknoir
4,159,tie,0107,flareon-noctowl,0328,flareon-noctowl
4,2,p2,0105,gholdengo-lunatone,0008,raging-bolt-ogerpon
4,50,p1,0074,mega-absol-box,0297,dragapult-dusknoir
4,75,p1,0111,gholdengo-lunatone,0138,grimmsnarl-froslass
4,32,p1,0113,gholdengo-lunatone,0157,gardevoir-jellicent
4,6,p1,0115,gholdengo-lunatone,0131,gholdengo-lunatone
4,89,p1,0080,raging-bolt-ogerpon,0012,?
4,121,p2,0117,raging-bolt-ogerpon,0215,pidgeot-control
4,72,p2,0119,gardevoir-ex-sv,0149,gholdengo-joltik-box
4,148,p1,0123,?,0054,mega-absol-box
4,125,p2,0121,gardevoir-ex-sv,0223,grimmsnarl-froslass
4,158,p2,0125,ceruledge-ex,0333,dragapult-dusknoir
4,90,p1,0127,gholdengo-lunatone,0319,dragapult-dusknoir
4,160,p2,0129,hydreigon-ex,0263,charizard-pidgeot
4,43,p1,0133,gholdengo-lunatone,0257,charizard-pidgeot
4,13,p1,0137,dragapult-dusknoir,0228,charizard-pidgeot
4,12,p1,0104,joltik-box,0212,grimmsnarl-froslass
4,1,p2,0135,dragapult-dusknoir,0262,dragapult-dusknoir
4,129,p1,0141,?,0321,dragapult-dusknoir
4,63,p2,0143,raging-bolt-ogerpon,0347,gardevoir-ex-sv
4,14,p1,0145,dragapult-dusknoir,0325,dragapult-dusknoir
4,39,p2,0151,charizard-pidgeot,0036,flareon-noctowl
4,141,p1,0140,grimmsnarl-froslass,0082,dragapult-dusknoir
4,17,p1,0147,gholdengo-lunatone,0249,charizard-pidgeot
4,112,tie,0134,gardevoir-ex-sv,0285,gholdengo-lunatone
4,84,p2,0124,gholdengo-lunatone,0291,grimmsnarl-froslass
4,126,tie,0153,roaring-moon-ex,0234,gholdengo-lunatone
4,55,p1,0155,dragapult-dusknoir,0294,gholdengo-lunatone
4,33,p2,0002,ceruledge-ex,0342,gardevoir-ex-sv
4,80,p1,0159,raging-bolt-ogerpon,0266,ceruledge-ex
4,29,p1,0034,joltik-box,0162,manectric-eelektrik
4,109,p2,0163,ceruledge-ex,0296,gardevoir-ex-sv
4,66,tie,0165,n-zoroark,0331,dragapult-dusknoir
4,78,p1,0102,grimmsnarl-froslass,0217,gardevoir-ex-sv
4,51,p2,0136,crustle-dri,0224,grimmsnarl-froslass
4,172,p2,0006,gardevoir-ex-sv,0308,charizard-pidgeot
4,83,p2,0167,grimmsnarl-froslass,0271,joltik-box
4,85,p1,0169,charizard-pidgeot,0173,joltik-box
4,103,p2,0172,grimmsnarl-froslass,0313,gholdengo-lunatone
4,128,p1,0070,cynthia-garchomp-ex,0335,charizard-pidgeot
4,102,tie,0181,gholdengo-lunatone,0329,gardevoir-ex-sv
4,70,p1,0040,gholdengo-lunatone,0349,n-zoroark
4,3,p1,0179,iron-hands-magneton,0339,gardevoir-ex-sv
4,147,p1,0166,gardevoir-ex-sv,0213,charizard-pidgeot
4,28,p1,0185,gholdengo-lunatone,0272,gardevoir-ex-sv
4,132,p1,0187,gholdengo-lunatone,0323,joltik-box
4,81,p2,0191,gholdengo-lunatone,0126,gholdengo-lunatone
4,61,tie,0183,joltik-box,0204,gholdengo-lunatone
4,38,p1,0156,tera-box,0219,raging-bolt-ogerpon
4,22,p1,0193,ceruledge-ex,0246,gholdengo-lunatone
4,23,tie,0118,raging-bolt-ogerpon,0062,gardevoir-jellicent
4,135,p2,0072,dragapult-dusknoir,0094,mega-absol-box
4,88,tie,0150,raging-bolt-ogerpon,0345,ogerpon-ex
4,27,p1,0197,gholdengo-lunatone,0216,grimmsnarl-froslass
4,162,p2,0199,raging-bolt-ogerpon,0092,dragapult-dusknoir
4,71,p1,0152,charizard-pidgeot,0243,ceruledge-ex
4,4,p2,0196,gardevoir-ex-sv,0209,joltik-box
4,49,p1,0203,gholdengo-lunatone,0300,gardevoir-ex-sv
4,26,p2,0205,mega-absol-box,0307,gholdengo-lunatone
4,77,p2,0084,joltik-box,0178,gholdengo-lunatone
4,7,tie,0120,dragapult-charizard,0282,dragapult-dusknoir
4,47,tie,0207,n-zoroark,0309,dragapult-dusknoir
4,157,p1,0146,gardevoir-jellicent,0064,dragapult-dusknoir
4,122,p1,0211,tera-box,0208,gardevoir-ex-sv
4,48,p1,0090,gholdengo-lunatone,0110,gholdengo-lunatone
4,107,p1,0206,joltik-box,0350,ceruledge-ex
4,131,tie,0221,dragapult-dusknoir,0314,dragapult-dusknoir
4,117,p1,0106,gholdengo-lunatone,0154,tera-box
4,104,p1,0227,ceruledge-ex,0287,gardevoir-jellicent
4,101,p1,0020,grimmsnarl-froslass,0304,ceruledge-ex
4,111,tie,0229,roaring-moon-ex,0293,raging-bolt-ogerpon
4,57,tie,0231,mega-absol-box,0252,raging-bolt-ogerpon
4,42,p1,0237,gardevoir-ex-sv,0334,dragapult-dusknoir
4,67,tie,0239,gardevoir-jellicent,0226,mega-absol-box
4,60,p1,0245,gardevoir-ex-sv,0255,dragapult-dusknoir
4,56,p1,0232,flareon-noctowl,0014,joltik-box
4,123,p1,0251,gholdengo-lunatone,0280,mega-venusaur-ex
4,119,p2,0253,charizard-pidgeot,0315,charizard-pidgeot
4,62,tie,0128,grimmsnarl-froslass,0200,gardevoir-ex-sv
4,140,p1,0186,raging-bolt-ogerpon,0344,ethan-typhlosion
4,143,tie,0261,ethan-typhlosion,0278,gardevoir-ex-sv
4,98,p1,0058,charizard-pidgeot,0116,dragapult-dusknoir
4,46,p2,0230,gardevoir-ex-sv,0258,gholdengo-lunatone
4,59,p1,0267,dragapult-dusknoir,0182,festival-lead
4,79,tie,0265,dragapult-dusknoir,0270,n-zoroark
4,150,p2,0022,dragapult-dusknoir,0306,raging-bolt-ogerpon
4,170,p2,0248,n-zoroark,0320,palafin-ex
4,15,tie,0042,gholdengo-joltik-box,0076,raging-bolt-ogerpon
4,127,tie,0264,dragapult-dusknoir,0112,grimmsnarl-froslass
4,146,p1,0277,gardevoir-ex-sv,0044,other
4,106,tie,0279,gardevoir-jellicent,0316,zoroark-crustle
4,115,p1,0170,gardevoir-ex-sv,0052,charizard-pidgeot
4,155,p2,0281,joltik-box,0326,joltik-box
4,74,p2,0283,gardevoir-ex-sv,0303,gardevoir-ex-sv
4,31,tie,0289,n-zoroark,0188,joltik-box
4,94,p2,0260,charizard-pidgeot,0302,gardevoir-jellicent
4,165,p2,0028,manectric-eelektrik,0341,mega-absol-box
4,86,p1,0274,gardevoir-jellicent,0132,gholdengo-lunatone
4,168,p2,0114,mega-absol-box,0240,gholdengo-lunatone
4,120,tie,0210,dragapult-dusknoir,0198,future-box
4,40,tie,0088,joltik-box,0024,gardevoir-ex-sv
4,64,p2,0305,gholdengo-lunatone,0340,gardevoir-ex-sv
4,152,p1,0056,grimmsnarl-froslass,0144,flareon-ex
4,100,p2,0288,flareon-noctowl,0244,gardevoir-ex-sv
4,11,p2,0284,gholdengo-lunatone,0194,gholdengo-lunatone
4,10,p1,0236,charizard-pidgeot,0174,gholdengo-lunatone
4,130,p2,0301,tera-box,0332,ceruledge-ex
4,138,tie,0038,grimmsnarl-froslass,0160,gardevoir-ex-sv
4,45,p2,0238,gholdengo-joltik-box,0336,charizard-pidgeot
4,137,p1,0290,dragapult-dusknoir,0286,lucario-hariyama
4,166,tie,0192,joltik-box,0026,gardevoir-ex-sv
4,65,tie,0318,archaludon-ex,0100,gholdengo-lunatone
4,149,p1,0214,gholdengo-lunatone,0218,dragapult-dusknoir
4,54,p1,0322,tera-box,0317,slowking-scr
4,142,tie,0299,raging-bolt-ogerpon,0324,charizard-pidgeot
4,93,p1,0180,charizard-pidgeot,0068,gardevoir-ex-sv
4,108,p2,0046,n-zoroark,0222,raging-bolt-ogerpon
4,9,p2,0048,raging-bolt-ogerpon,0343,raging-bolt-ogerpon
4,58,p1,0168,dragapult-dusknoir,0220,raging-bolt-ogerpon
4,145,p2,0346,dragapult-charizard,0337,ceruledge-ex
4,113,p2,0096,raging-bolt-ogerpon,0348,raging-bolt-ogerpon
5,166,p1,0001,gardevoir-jellicent,0144,flareon-ex
5,158,p2,0003,gholdengo-lunatone,0328,flareon-noctowl
5,37,p1,0005,gardevoir-ex-sv,0024,gardevoir-ex-sv
5,157,p2,0013,joltik-box,0330,tera-box
5,5,p2,0015,charizard-pidgeot,0120,dragapult-charizard
5,43,p2,0011,gardevoir-ex-sv,0302,gardevoir-jellicent
5,89,p2,0009,gholdengo-lunatone,0235,charizard-pidgeot
5,134,tie,0007,?,0229,roaring-moon-ex
5,32,tie,0017,tera-box,0347,gardevoir-ex-sv
5,41,p2,0019,gardevoir-jellicent,0274,gardevoir-jellicent
5,133,p2,0021,dragapult-dusknoir,0269,tera-box
5,96,p2,0023,dragapult-dusknoir,0166,gardevoir-ex-sv
5,13,p1,0025,gardevoir-ex-sv,0193,ceruledge-ex
5,76,tie,0027,tera-box,0136,crustle-dri
5,23,p1,0031,gardevoir-ex-sv,0156,tera-box
5,122,p1,0033,charizard-pidgeot,0153,roaring-moon-ex
5,138,p2,0035,tera-box,0184,charizard-pidgeot
5,114,p1,0037,ceruledge-ex,0333,dragapult-dusknoir
5,93,p1,0039,gholdengo-lunatone,0189,gardevoir-ex-sv
5,163,p1,0045,gholdengo-lunatone,0064,dragapult-dusknoir
5,7,p1,0043,ceruledge-ex,0197,gholdengo-lunatone
5,137,p2,0047,raging-bolt-ogerpon,0121,gardevoir-ex-sv
5,108,p1,0049,gardevoir-jellicent,0012,?
5,24,p1,0051,gholdengo-lunatone,0135,dragapult-dusknoir
5,141,tie,0053,joltik-box,0073,gardevoir-jellicent
5,94,p1,0057,gholdengo-lunatone,0270,n-zoroark
5,62,p1,0055,gholdengo-lunatone,0271,joltik-box
5,6,tie,0030,charizard-pidgeot,0171,grimmsnarl-froslass
5,63,p1,0059,raging-bolt-ogerpon,0207,n-zoroark
5,135,p2,0061,gholdengo-lunatone,0250,gholdengo-lunatone
5,10,tie,0063,gholdengo-lunatone,0307,gholdengo-lunatone
5,165,tie,0065,dragapult-dusknoir,0022,dragapult-dusknoir
5,44,p2,0067,grimmsnarl-froslass,0231,mega-absol-box
5,25,p1,0069,gholdengo-lunatone,0336,charizard-pidgeot
5,167,p1,0075,pidgeot-control,0281,joltik-box
5,160,tie,0050,mega-absol-box,0054,mega-absol-box
5,120,p2,0077,raging-bolt-ogerpon,0018,dragapult-dusknoir
5,36,p2,0081,dragapult-dusknoir,0162,manectric-eelektrik
5,21,tie,0079,gardevoir-ex-sv,0074,mega-absol-box
5,110,p2,0083,gardevoir-ex-sv,0349,n-zoroark
5,170,p1,0085,dragapult-dusknoir,0148,alakazam-dudunsparce
5,45,p1,0091,dragapult-dusknoir,0058,charizard-pidgeot
5,38,tie,0087,gholdengo-lunatone,0205,mega-absol-box
5,19,p2,0089,crustle-dri,0155,dragapult-dusknoir
5,151,p1,0016,gardevoir-ex-sv,0240,gholdengo-lunatone
5,148,p1,0093,dragapult-dusknoir,0324,charizard-pidgeot
5,115,p2,0095,gholdengo-lunatone,0288,flareon-noctowl
5,128,p2,0097,mega-absol-box,0233,gholdengo-lunatone
5,48,p2,0099,gholdengo-lunatone,0298,raging-bolt-ogerpon
5,88,tie,0101,gholdengo-lunatone,0254,ceruledge-ex
5,27,tie,0105,gholdengo-lunatone,0224,grimmsnarl-froslass
5,47,p2,0060,grimmsnarl-froslass,0152,charizard-pidgeot
5,156,p2,0107,flareon-noctowl,0213,charizard-pidgeot
5,97,p1,0103,dragapult-charizard,0337,ceruledge-ex
5,77,p2,0109,joltik-box,0251,gholdengo-lunatone
5,46,p2,0111,gholdengo-lunatone,0284,gholdengo-lunatone
5,20,p2,0113,gholdengo-lunatone,0245,gardevoir-ex-sv
5,3,p1,0115,gholdengo-lunatone,0262,dragapult-dusknoir
5,42,tie,0080,raging-bolt-ogerpon,0249,charizard-pidgeot
5,145,tie,0117,raging-bolt-ogerpon,0323,joltik-box
5,130,p2,0119,gardevoir-ex-sv,0112,grimmsnarl-froslass
5,162,p1,0129,hydreigon-ex,0192,joltik-box
5,40,p1,0127,gholdengo-lunatone,0169,charizard-pidgeot
5,131,p1,0123,?,0132,gholdengo-lunatone
5,28,p1,0131,gholdengo-lunatone,0036,flareon-noctowl
5,29,tie,0133,gholdengo-lunatone,0090,gholdengo-lunatone
5,8,p2,0137,dragapult-dusknoir,0242,gholdengo-lunatone
5,15,p1,0104,joltik-box,0267,dragapult-dusknoir
5,56,p1,0139,charizard-pidgeot,0303,gardevoir-ex-sv
5,70,tie,0141,?,0211,tera-box
5,99,p2,0143,raging-bolt-ogerpon,0239,gardevoir-jellicent
5,9,p1,0145,dragapult-dusknoir,0185,gholdengo-lunatone
5,11,p2,0147,gholdengo-lunatone,0194,gholdengo-lunatone
5,49,p2,0149,gholdengo-joltik-box,0201,crustle-dri
5,112,p2,0134,gardevoir-ex-sv,0263,charizard-pidgeot
5,100,p2,0140,grimmsnarl-froslass,0277,gardevoir-ex-sv
5,73,tie,0151,charizard-pidgeot,0223,grimmsnarl-froslass
5,124,p1,0124,gholdengo-lunatone,0092,dragapult-dusknoir
5,85,p1,0157,gardevoir-jellicent,0206,joltik-box
5,50,p2,0032,froslass-munkidori,0180,charizard-pidgeot
5,90,p1,0086,joltik-box,0122,n-zoroark
5,78,p1,0002,ceruledge-ex,0348,raging-bolt-ogerpon
5,55,p2,0161,gholdengo-lunatone,0252,raging-bolt-ogerpon
5,59,p1,0159,raging-bolt-ogerpon,0325,dragapult-dusknoir
5,14,p1,0034,joltik-box,0282,dragapult-dusknoir
5,71,p2,0165,n-zoroark,0290,dragapult-dusknoir
5,152,p2,0163,ceruledge-ex,0350,ceruledge-ex
5,53,p1,0102,grimmsnarl-froslass,0327,zoroark-crustle
5,105,p1,0167,grimmsnarl-froslass,0306,raging-bolt-ogerpon
5,169,p2,0006,gardevoir-ex-sv,0028,manectric-eelektrik
5,74,tie,0070,cynthia-garchomp-ex,0200,gardevoir-ex-sv
5,101,p2,0181,gholdengo-lunatone,0345,ogerpon-ex
5,103,p1,0177,ceruledge-ex,0004,mega-absol-box
5,51,p1,0040,gholdengo-lunatone,0228,charizard-pidgeot
5,136,p2,0175,grimmsnarl-froslass,0335,charizard-pidgeot
5,104,p2,0172,grimmsnarl-froslass,0260,charizard-pidgeot
5,4,p2,0179,iron-hands-magneton,0236,charizard-pidgeot
5,107,tie,0191,gholdengo-lunatone,0198,future-box
5,81,p1,0187,gholdengo-lunatone,0317,slowking-scr
5,64,p1,0183,joltik-box,0174,gholdengo-lunatone
5,34,p1,0118,raging-bolt-ogerpon,0176,dragapult-dusknoir
5,147,p2,0072,dragapult-dusknoir,0308,charizard-pidgeot
5,22,p1,0196,gardevoir-ex-sv,0048,raging-bolt-ogerpon
5,95,p1,0150,raging-bolt-ogerpon,0078,mega-absol-box
5,30,tie,0203,gholdengo-lunatone,0340,gardevoir-ex-sv
5,61,tie,0066,charizard-pidgeot,0020,grimmsnarl-froslass
5,129,p2,0084,joltik-box,0266,ceruledge-ex
5,117,p1,0146,gardevoir-jellicent,0319,dragapult-dusknoir
5,150,p1,0098,ho-oh-armarouge,0287,gardevoir-jellicent
5,1,p2,0209,joltik-box,0008,raging-bolt-ogerpon
5,72,tie,0215,pidgeot-control,0222,raging-bolt-ogerpon
5,144,p1,0208,gardevoir-ex-sv,0038,grimmsnarl-froslass
5,86,p2,0219,raging-bolt-ogerpon,0255,dragapult-dusknoir
5,111,p1,0217,gardevoir-ex-sv,0138,grimmsnarl-froslass
5,109,p2,0221,dragapult-dusknoir,0225,charizard-pidgeot
5,75,p1,0106,gholdengo-lunatone,0257,charizard-pidgeot
5,39,p2,0108,joltik-box,0272,gardevoir-ex-sv
5,65,p2,0158,mega-absol-box,0246,gholdengo-lunatone
5,57,p1,0227,ceruledge-ex,0212,grimmsnarl-froslass
5,17,p2,0237,gardevoir-ex-sv,0322,tera-box
5,12,p2,0241,gholdengo-lunatone,0247,mega-absol-box
5,106,p1,0243,ceruledge-ex,0314,dragapult-dusknoir
5,16,p2,0232,flareon-noctowl,0142,dragapult-dusknoir
5,149,p1,0253,charizard-pidgeot,0278,gardevoir-ex-sv
5,92,p2,0110,gholdengo-lunatone,0315,charizard-pidgeot
5,82,p2,0128,grimmsnarl-froslass,0100,gholdengo-lunatone
5,102,p2,0186,raging-bolt-ogerpon,0265,dragapult-dusknoir
5,54,p1,0204,gholdengo-lunatone,0313,gholdengo-lunatone
5,121,tie,0130,ho-oh-armarouge,0326,joltik-box
5,143,p1,0261,ethan-typhlosion,0301,tera-box
5,67,p1,0230,gardevoir-ex-sv,0094,mega-absol-box
5,125,tie,0164,joltik-box,0264,dragapult-dusknoir
5,168,p2,0248,n-zoroark,0114,mega-absol-box
5,31,p2,0062,gardevoir-jellicent,0289,n-zoroark
5,58,p2,0275,gholdengo-lunatone,0178,gholdengo-lunatone
5,33,p2,0042,gholdengo-joltik-box,0188,joltik-box
5,123,tie,0279,gardevoir-jellicent,0285,gholdengo-lunatone
5,68,tie,0170,gardevoir-ex-sv,0300,gardevoir-ex-sv
5,127,p1,0283,gardevoir-ex-sv,0304,ceruledge-ex
5,113,p1,0234,gholdengo-lunatone,0116,dragapult-dusknoir
5,164,p2,0202,charizard-pidgeot,0218,dragapult-dusknoir
5,66,p2,0291,grimmsnarl-froslass,0216,grimmsnarl-froslass
5,126,p1,0293,raging-bolt-ogerpon,0292,gholdengo-lunatone
5,2,p2,0295,dragapult-dusknoir,0343,raging-bolt-ogerpon
5,69,tie,0296,gardevoir-ex-sv,0332,ceruledge-ex
5,159,p1,0082,dragapult-dusknoir,0344,ethan-typhlosion
5,35,p2,0088,joltik-box,0076,raging-bolt-ogerpon
5,116,p1,0210,dragapult-dusknoir,0190,gardevoir-ex-sv
5,119,p2,0056,grimmsnarl-froslass,0214,gholdengo-lunatone
5,98,p1,0305,gholdengo-lunatone,0329,gardevoir-ex-sv
5,154,p1,0044,other,0096,raging-bolt-ogerpon
5,161,p2,0010,tera-box,0026,gardevoir-ex-sv
5,60,p1,0310,charizard-pidgeot,0126,gholdengo-lunatone
5,142,p2,0280,mega-venusaur-ex,0341,mega-absol-box
5,80,tie,0226,mega-absol-box,0311,dragapult-dusknoir
5,84,p1,0276,mega-absol-box,0331,dragapult-dusknoir
5,91,p1,0238,gholdengo-joltik-box,0294,gholdengo-lunatone
5,118,tie,0316,zoroark-crustle,0068,gardevoir-ex-sv
5,132,p1,0268,gholdengo-lunatone,0338,tera-box
5,83,p1,0318,archaludon-ex,0182,festival-lead
5,52,p1,0309,dragapult-dusknoir,0244,gardevoir-ex-sv
5,146,p2,0320,palafin-ex,0154,tera-box
5,140,p2,0299,raging-bolt-ogerpon,0321,dragapult-dusknoir
5,139,p1,0256,joltik-box,0046,n-zoroark
5,155,p2,0286,lucario-hariyama,0346,dragapult-charizard
5,79,tie,0334,dragapult-dusknoir,0297,dragapult-dusknoir
5,153,p2,0160,gardevoir-ex-sv,0052,charizard-pidgeot
5,18,p1,0258,gholdengo-lunatone,0339,gardevoir-ex-sv
5,26,p2,0168,dragapult-dusknoir,0342,gardevoir-ex-sv
5,87,p1,0220,raging-bolt-ogerpon,0014,joltik-box
6,142,p2,0001,gardevoir-jellicent,0075,pidgeot-control
6,159,p1,0003,gholdengo-lunatone,0022,dragapult-dusknoir
6,26,p2,0005,gardevoir-ex-sv,0284,gholdengo-lunatone
6,158,p2,0013,joltik-box,0054,mega-absol-box
6,27,p2,0015,charizard-pidgeot,0310,charizard-pidgeot
6,121,tie,0007,?,0143,raging-bolt-ogerpon
6,109,tie,0009,gholdengo-lunatone,0121,gardevoir-ex-sv
6,91,p2,0011,gardevoir-ex-sv,0032,froslass-munkidori
6,49,p1,0017,tera-box,0048,raging-bolt-ogerpon
6,83,p1,0019,gardevoir-jellicent,0170,gardevoir-ex-sv
6,146,p1,0021,dragapult-dusknoir,0172,grimmsnarl-froslass
6,123,p1,0023,dragapult-dusknoir,0337,ceruledge-ex
6,6,tie,0025,gardevoir-ex-sv,0104,joltik-box
6,67,p1,0027,tera-box,0327,zoroark-crustle
6,9,p1,0031,gardevoir-ex-sv,0342,gardevoir-ex-sv
6,66,p1,0033,charizard-pidgeot,0123,?
6,92,p2,0037,ceruledge-ex,0088,joltik-box
6,151,p2,0035,tera-box,0324,charizard-pidgeot
6,63,p1,0039,gholdengo-lunatone,0042,gholdengo-joltik-box
6,4,tie,0043,ceruledge-ex,0120,dragapult-charizard
6,141,p1,0045,gholdengo-lunatone,0095,gholdengo-lunatone
6,155,p1,0047,raging-bolt-ogerpon,0240,gholdengo-lunatone
6,103,p1,0049,gardevoir-jellicent,0014,joltik-box
6,10,p2,0051,gholdengo-lunatone,0142,dragapult-dusknoir
6,136,p1,0053,joltik-box,0323,joltik-box
6,60,tie,0057,gholdengo-lunatone,0066,charizard-pidgeot
6,37,p2,0055,gholdengo-lunatone,0091,dragapult-dusknoir
6,18,tie,0030,charizard-pidgeot,0076,raging-bolt-ogerpon
6,21,p1,0059,raging-bolt-ogerpon,0241,gholdengo-lunatone
6,145,p1,0061,gholdengo-lunatone,0138,grimmsnarl-froslass
6,15,p1,0063,gholdengo-lunatone,0188,joltik-box
6,157,p1,0065,dragapult-dusknoir,0344,ethan-typhlosion
6,84,p2,0067,grimmsnarl-froslass,0101,gholdengo-lunatone
6,8,p1,0069,gholdengo-lunatone,0196,gardevoir-ex-sv
6,135,p2,0073,gardevoir-jellicent,0119,gardevoir-ex-sv
6,161,tie,0050,mega-absol-box,0010,tera-box
6,134,p1,0077,raging-bolt-ogerpon,0304,ceruledge-ex
6,82,p1,0081,dragapult-dusknoir,0060,grimmsnarl-froslass
6,28,p2,0079,gardevoir-ex-sv,0147,gholdengo-lunatone
6,147,p1,0083,gardevoir-ex-sv,0129,hydreigon-ex
6,156,p1,0085,dragapult-dusknoir,0287,gardevoir-jellicent
6,42,tie,0089,crustle-dri,0238,gholdengo-joltik-box
6,110,p1,0016,gardevoir-ex-sv,0253,charizard-pidgeot
6,57,tie,0087,gholdengo-lunatone,0176,dragapult-dusknoir
6,107,p2,0093,dragapult-dusknoir,0308,charizard-pidgeot
6,69,p1,0099,gholdengo-lunatone,0161,gholdengo-lunatone
6,132,p1,0097,mega-absol-box,0056,grimmsnarl-froslass
6,160,p2,0107,flareon-noctowl,0286,lucario-hariyama
6,115,p1,0109,joltik-box,0165,n-zoroark
6,65,tie,0103,dragapult-charizard,0332,ceruledge-ex
6,33,p2,0105,gholdengo-lunatone,0201,crustle-dri
6,29,p2,0074,mega-absol-box,0133,gholdengo-lunatone
6,101,p1,0111,gholdengo-lunatone,0234,gholdengo-lunatone
6,51,tie,0113,gholdengo-lunatone,0339,gardevoir-ex-sv
6,2,p2,0115,gholdengo-lunatone,0008,raging-bolt-ogerpon
6,56,p1,0080,raging-bolt-ogerpon,0345,ogerpon-ex
6,144,p1,0117,raging-bolt-ogerpon,0314,dragapult-dusknoir
6,30,p2,0127,gholdengo-lunatone,0152,charizard-pidgeot
6,11,p1,0131,gholdengo-lunatone,0245,gardevoir-ex-sv
6,55,p1,0135,dragapult-dusknoir,0336,charizard-pidgeot
6,19,p1,0137,dragapult-dusknoir,0159,raging-bolt-ogerpon
6,20,p2,0139,charizard-pidgeot,0204,gholdengo-lunatone
6,80,p1,0141,?,0225,charizard-pidgeot
6,3,p1,0145,dragapult-dusknoir,0242,gholdengo-lunatone
6,100,p1,0151,charizard-pidgeot,0024,gardevoir-ex-sv
6,133,tie,0134,gardevoir-ex-sv,0292,gholdengo-lunatone
6,71,p2,0149,gholdengo-joltik-box,0058,charizard-pidgeot
6,126,p2,0140,grimmsnarl-froslass,0198,future-box
6,81,p1,0124,gholdengo-lunatone,0233,gholdengo-lunatone
6,148,p1,0153,roaring-moon-ex,0306,raging-bolt-ogerpon
6,54,tie,0157,gardevoir-jellicent,0156,tera-box
6,97,p1,0018,dragapult-dusknoir,0146,gardevoir-jellicent
6,13,p1,0155,dragapult-dusknoir,0209,joltik-box
6,40,p2,0086,joltik-box,0302,gardevoir-jellicent
6,53,p2,0002,ceruledge-ex,0235,charizard-pidgeot
6,5,p2,0034,joltik-box,0194,gholdengo-lunatone
6,23,p1,0102,grimmsnarl-froslass,0231,mega-absol-box
6,17,p2,0171,grimmsnarl-froslass,0307,gholdengo-lunatone
6,96,p1,0169,charizard-pidgeot,0254,ceruledge-ex
6,39,p1,0162,manectric-eelektrik,0203,gholdengo-lunatone
6,94,p2,0136,crustle-dri,0200,gardevoir-ex-sv
6,68,p1,0167,grimmsnarl-froslass,0275,gholdengo-lunatone
6,86,p2,0070,cynthia-garchomp-ex,0112,grimmsnarl-froslass
6,14,p2,0179,iron-hands-magneton,0295,dragapult-dusknoir
6,24,tie,0040,gholdengo-lunatone,0309,dragapult-dusknoir
6,61,p2,0166,gardevoir-ex-sv,0249,charizard-pidgeot
6,70,p2,0177,ceruledge-ex,0244,gardevoir-ex-sv
6,34,p1,0185,gholdengo-lunatone,0252,raging-bolt-ogerpon
6,32,p1,0183,joltik-box,0197,gholdengo-lunatone
6,130,p1,0189,gardevoir-ex-sv,0068,gardevoir-ex-sv
6,131,p2,0191,gholdengo-lunatone,0346,dragapult-charizard
6,46,tie,0187,gholdengo-lunatone,0340,gardevoir-ex-sv
6,25,p2,0193,ceruledge-ex,0298,raging-bolt-ogerpon
6,16,p1,0118,raging-bolt-ogerpon,0289,n-zoroark
6,152,p2,0072,dragapult-dusknoir,0160,gardevoir-ex-sv
6,64,p2,0150,raging-bolt-ogerpon,0277,gardevoir-ex-sv
6,128,p1,0004,mega-absol-box,0186,raging-bolt-ogerpon
6,58,p1,0205,mega-absol-box,0020,grimmsnarl-froslass
6,143,p1,0084,joltik-box,0319,dragapult-dusknoir
6,93,p1,0207,n-zoroark,0334,dragapult-dusknoir
6,116,p2,0098,ho-oh-armarouge,0321,dragapult-dusknoir
6,95,p1,0211,tera-box,0126,gholdengo-lunatone
6,125,p2,0213,charizard-pidgeot,0316,zoroark-crustle
6,36,p1,0090,gholdengo-lunatone,0224,grimmsnarl-froslass
6,76,p2,0215,pidgeot-control,0269,tera-box
6,105,p1,0208,gardevoir-ex-sv,0331,dragapult-dusknoir
6,108,p2,0206,joltik-box,0110,gholdengo-lunatone
6,104,p2,0219,raging-bolt-ogerpon,0350,ceruledge-ex
6,75,p2,0217,gardevoir-ex-sv,0296,gardevoir-ex-sv
6,102,p1,0223,grimmsnarl-froslass,0297,dragapult-dusknoir
6,41,tie,0106,gholdengo-lunatone,0315,charizard-pidgeot
6,98,p1,0108,joltik-box,0293,raging-bolt-ogerpon
6,139,p2,0012,?,0333,dragapult-dusknoir
6,38,p2,0227,ceruledge-ex,0274,gardevoir-jellicent
6,73,p1,0158,mega-absol-box,0288,flareon-noctowl
6,129,p1,0229,roaring-moon-ex,0082,dragapult-dusknoir
6,50,p1,0237,gardevoir-ex-sv,0276,mega-absol-box
6,78,p2,0243,ceruledge-ex,0325,dragapult-dusknoir
6,48,tie,0232,flareon-noctowl,0318,archaludon-ex
6,7,p1,0247,mega-absol-box,0262,dragapult-dusknoir
6,45,p2,0251,gholdengo-lunatone,0168,dragapult-dusknoir
6,114,tie,0128,grimmsnarl-froslass,0341,mega-absol-box
6,52,p2,0255,dragapult-dusknoir,0267,dragapult-dusknoir
6,122,p2,0130,ho-oh-armarouge,0285,gholdengo-lunatone
6,117,p2,0257,charizard-pidgeot,0256,joltik-box
6,106,p1,0261,ethan-typhlosion,0122,n-zoroark
6,72,p1,0263,charizard-pidgeot,0268,gholdengo-lunatone
6,138,p1,0092,dragapult-dusknoir,0218,dragapult-dusknoir
6,47,p1,0230,gardevoir-ex-sv,0036,flareon-noctowl
6,62,p1,0265,dragapult-dusknoir,0305,gholdengo-lunatone
6,77,p1,0271,joltik-box,0222,raging-bolt-ogerpon
6,119,p1,0264,dragapult-dusknoir,0328,flareon-noctowl
6,124,p1,0279,gardevoir-jellicent,0326,joltik-box
6,162,p1,0281,joltik-box,0144,flareon-ex
6,85,p1,0283,gardevoir-ex-sv,0260,charizard-pidgeot
6,,bye,0202,charizard-pidgeot,,
6,113,tie,0184,charizard-pidgeot,0154,tera-box
6,89,p1,0291,grimmsnarl-froslass,0210,dragapult-dusknoir
6,112,p2,0094,mega-absol-box,0052,charizard-pidgeot
6,99,p1,0300,gardevoir-ex-sv,0228,charizard-pidgeot
6,149,tie,0114,mega-absol-box,0046,n-zoroark
6,87,p2,0266,ceruledge-ex,0226,mega-absol-box
6,127,p1,0044,other,0330,tera-box
6,35,p2,0282,dragapult-dusknoir,0178,gholdengo-lunatone
6,1,p2,0236,charizard-pidgeot,0343,raging-bolt-ogerpon
6,31,p1,0216,grimmsnarl-froslass,0272,gardevoir-ex-sv
6,88,p1,0313,gholdengo-lunatone,0303,gardevoir-ex-sv
6,43,p2,0290,dragapult-dusknoir,0220,raging-bolt-ogerpon
6,163,p1,0064,dragapult-dusknoir,0192,joltik-box
6,90,p2,0174,gholdengo-lunatone,0311,dragapult-dusknoir
6,79,tie,0214,gholdengo-lunatone,0349,n-zoroark
6,22,p1,0180,charizard-pidgeot,0246,gholdengo-lunatone
6,12,p2,0322,tera-box,0258,gholdengo-lunatone
6,153,p1,0299,raging-bolt-ogerpon,0096,raging-bolt-ogerpon
6,44,tie,0100,gholdengo-lunatone,0347,gardevoir-ex-sv
6,120,p1,0270,n-zoroark,0329,gardevoir-ex-sv
6,111,p2,0317,slowking-scr,0182,festival-lead
6,74,p2,0212,grimmsnarl-froslass,0250,gholdengo-lunatone
6,137,p2,0338,tera-box,0116,dragapult-dusknoir
6,140,p1,0026,gardevoir-ex-sv,0132,gholdengo-lunatone
6,118,p2,0335,charizard-pidgeot,0348,raging-bolt-ogerpon
7,132,p2,0003,gholdengo-lunatone,0082,dragapult-dusknoir
7,60,p2,0005,gardevoir-ex-sv,0272,gardevoir-ex-sv
7,46,p1,0015,charizard-pidgeot,0156,tera-box
7,110,p2,0011,gardevoir-ex-sv,0070,cynthia-garchomp-ex
7,129,p1,0007,?,0122,n-zoroark
7,29,p2,0017,tera-box,0076,raging-bolt-ogerpon
7,56,p1,0019,gardevoir-jellicent,0088,joltik-box
7,114,p1,0021,dragapult-dusknoir,0288,flareon-noctowl
7,93,p2,0023,dragapult-dusknoir,0264,dragapult-dusknoir
7,38,p1,0027,tera-box,0224,grimmsnarl-froslass
7,9,tie,0025,gardevoir-ex-sv,0307,gholdengo-lunatone
7,6,tie,0031,gardevoir-ex-sv,0236,charizard-pidgeot
7,71,p1,0033,charizard-pidgeot,0340,gardevoir-ex-sv
7,103,p1,0037,ceruledge-ex,0154,tera-box
7,34,p1,0039,gholdengo-lunatone,0171,grimmsnarl-froslass
7,96,p2,0045,gholdengo-lunatone,0225,charizard-pidgeot
7,11,p1,0043,ceruledge-ex,0162,manectric-eelektrik
7,126,p2,0047,raging-bolt-ogerpon,0299,raging-bolt-ogerpon
7,54,p1,0049,gardevoir-jellicent,0300,gardevoir-ex-sv
7,27,p2,0051,gholdengo-lunatone,0235,charizard-pidgeot
7,115,p1,0053,joltik-box,0075,pidgeot-control
7,41,p2,0055,gholdengo-lunatone,0263,charizard-pidgeot
7,82,tie,0057,gholdengo-lunatone,0348,raging-bolt-ogerpon
7,26,p1,0030,charizard-pidgeot,0209,joltik-box
7,20,p1,0059,raging-bolt-ogerpon,0310,charizard-pidgeot
7,97,tie,0061,gholdengo-lunatone,0174,gholdengo-lunatone
7,10,p1,0063,gholdengo-lunatone,0120,dragapult-charizard
7,133,p2,0065,dragapult-dusknoir,0140,grimmsnarl-froslass
7,4,p2,0069,gholdengo-lunatone,0115,gholdengo-lunatone
7,112,p1,0067,grimmsnarl-froslass,0210,dragapult-dusknoir
7,142,p1,0073,gardevoir-jellicent,0281,joltik-box
7,144,p2,0050,mega-absol-box,0240,gholdengo-lunatone
7,109,p1,0077,raging-bolt-ogerpon,0177,ceruledge-ex
7,47,p1,0081,dragapult-dusknoir,0058,charizard-pidgeot
7,50,p1,0079,gardevoir-ex-sv,0157,gardevoir-jellicent
7,116,tie,0083,gardevoir-ex-sv,0149,gholdengo-joltik-box
7,125,p1,0085,dragapult-dusknoir,0253,charizard-pidgeot
7,77,p1,0016,gardevoir-ex-sv,0308,charizard-pidgeot
7,21,p2,0091,dragapult-dusknoir,0242,gholdengo-lunatone
7,72,p1,0089,crustle-dri,0074,mega-absol-box
7,79,p1,0087,gholdengo-lunatone,0255,dragapult-dusknoir
7,118,p1,0097,mega-absol-box,0268,gholdengo-lunatone
7,45,p1,0099,gholdengo-lunatone,0139,charizard-pidgeot
7,66,p2,0101,gholdengo-lunatone,0111,gholdengo-lunatone
7,85,p2,0109,joltik-box,0208,gardevoir-ex-sv
7,78,p2,0103,dragapult-charizard,0321,dragapult-dusknoir
7,105,p2,0060,grimmsnarl-froslass,0119,gardevoir-ex-sv
7,63,tie,0105,gholdengo-lunatone,0141,?
7,146,p1,0107,flareon-noctowl,0010,tera-box
7,39,p2,0113,gholdengo-lunatone,0207,n-zoroark
7,120,p1,0117,raging-bolt-ogerpon,0126,gholdengo-lunatone
7,36,p2,0080,raging-bolt-ogerpon,0289,n-zoroark
7,101,p2,0121,gardevoir-ex-sv,0228,charizard-pidgeot
7,68,p1,0127,gholdengo-lunatone,0244,gardevoir-ex-sv
7,108,p2,0123,?,0026,gardevoir-ex-sv
7,7,p2,0131,gholdengo-lunatone,0258,gholdengo-lunatone
7,22,p1,0133,gholdengo-lunatone,0102,grimmsnarl-froslass
7,14,tie,0137,dragapult-dusknoir,0274,gardevoir-jellicent
7,8,p1,0104,joltik-box,0118,raging-bolt-ogerpon
7,30,tie,0135,dragapult-dusknoir,0237,gardevoir-ex-sv
7,127,p2,0143,raging-bolt-ogerpon,0160,gardevoir-ex-sv
7,2,tie,0145,dragapult-dusknoir,0247,mega-absol-box
7,18,p2,0147,gholdengo-lunatone,0178,gholdengo-lunatone
7,52,p1,0151,charizard-pidgeot,0347,gardevoir-ex-sv
7,136,p1,0134,gardevoir-ex-sv,0338,tera-box
7,43,p1,0124,gholdengo-lunatone,0238,gholdengo-joltik-box
7,102,p2,0153,roaring-moon-ex,0341,mega-absol-box
7,5,p1,0155,dragapult-dusknoir,0295,dragapult-dusknoir
7,49,p1,0018,dragapult-dusknoir,0252,raging-bolt-ogerpon
7,55,p1,0032,froslass-munkidori,0193,ceruledge-ex
7,75,p1,0086,joltik-box,0336,charizard-pidgeot
7,76,p1,0002,ceruledge-ex,0052,charizard-pidgeot
7,69,tie,0159,raging-bolt-ogerpon,0197,gholdengo-lunatone
7,106,p1,0161,gholdengo-lunatone,0293,raging-bolt-ogerpon
7,15,tie,0034,joltik-box,0302,gardevoir-jellicent
7,128,p2,0165,n-zoroark,0014,joltik-box
7,40,p2,0169,charizard-pidgeot,0250,gholdengo-lunatone
7,119,p1,0136,crustle-dri,0184,charizard-pidgeot
7,58,p1,0167,grimmsnarl-froslass,0283,gardevoir-ex-sv
7,143,p2,0172,grimmsnarl-froslass,0306,raging-bolt-ogerpon
7,33,p2,0040,gholdengo-lunatone,0265,dragapult-dusknoir
7,23,p1,0179,iron-hands-magneton,0322,tera-box
7,94,p2,0166,gardevoir-ex-sv,0316,zoroark-crustle
7,12,p1,0185,gholdengo-lunatone,0183,joltik-box
7,87,tie,0189,gardevoir-ex-sv,0214,gholdengo-lunatone
7,65,p2,0187,gholdengo-lunatone,0311,dragapult-dusknoir
7,135,p2,0191,gholdengo-lunatone,0213,charizard-pidgeot
7,90,p1,0150,raging-bolt-ogerpon,0349,n-zoroark
7,13,tie,0152,charizard-pidgeot,0180,charizard-pidgeot
7,31,p1,0196,gardevoir-ex-sv,0262,dragapult-dusknoir
7,32,p1,0205,mega-absol-box,0309,dragapult-dusknoir
7,48,p2,0203,gholdengo-lunatone,0318,archaludon-ex
7,17,tie,0201,crustle-dri,0204,gholdengo-lunatone
7,134,p2,0054,mega-absol-box,0292,gholdengo-lunatone
7,80,tie,0066,charizard-pidgeot,0048,raging-bolt-ogerpon
7,113,p1,0084,joltik-box,0116,dragapult-dusknoir
7,123,p1,0098,ho-oh-armarouge,0335,charizard-pidgeot
7,104,p1,0146,gardevoir-jellicent,0260,charizard-pidgeot
7,44,p1,0211,tera-box,0296,gardevoir-ex-sv
7,16,p2,0090,gholdengo-lunatone,0284,gholdengo-lunatone
7,99,p2,0215,pidgeot-control,0303,gardevoir-ex-sv
7,111,p2,0217,gardevoir-ex-sv,0243,ceruledge-ex
7,122,p2,0219,raging-bolt-ogerpon,0324,charizard-pidgeot
7,42,p1,0223,grimmsnarl-froslass,0315,charizard-pidgeot
7,67,p2,0106,gholdengo-lunatone,0231,mega-absol-box
7,62,p1,0108,joltik-box,0269,tera-box
7,61,p1,0227,ceruledge-ex,0200,gardevoir-ex-sv
7,57,p2,0158,mega-absol-box,0291,grimmsnarl-froslass
7,138,p1,0138,grimmsnarl-froslass,0202,charizard-pidgeot
7,95,p2,0229,roaring-moon-ex,0042,gholdengo-joltik-box
7,117,p1,0233,gholdengo-lunatone,0222,raging-bolt-ogerpon
7,92,p1,0239,gardevoir-jellicent,0198,future-box
7,51,p1,0241,gholdengo-lunatone,0100,gholdengo-lunatone
7,24,p1,0245,gardevoir-ex-sv,0342,gardevoir-ex-sv
7,37,p1,0232,flareon-noctowl,0188,joltik-box
7,35,p1,0249,charizard-pidgeot,0277,gardevoir-ex-sv
7,81,tie,0110,gholdengo-lunatone,0350,ceruledge-ex
7,73,p2,0251,gholdengo-lunatone,0261,ethan-typhlosion
7,107,p2,0128,grimmsnarl-froslass,0234,gholdengo-lunatone
7,3,tie,0142,dragapult-dusknoir,0194,gholdengo-lunatone
7,124,p2,0257,charizard-pidgeot,0331,dragapult-dusknoir
7,100,p2,0092,dragapult-dusknoir,0334,dragapult-dusknoir
7,28,p1,0230,gardevoir-ex-sv,0220,raging-bolt-ogerpon
7,25,p1,0267,dragapult-dusknoir,0168,dragapult-dusknoir
7,145,p2,0022,dragapult-dusknoir,0096,raging-bolt-ogerpon
7,59,p2,0271,joltik-box,0226,mega-absol-box
7,84,p2,0036,flareon-noctowl,0176,dragapult-dusknoir
7,88,p2,0062,gardevoir-jellicent,0332,ceruledge-ex
7,91,p1,0279,gardevoir-jellicent,0346,dragapult-charizard
7,98,p2,0170,gardevoir-ex-sv,0212,grimmsnarl-froslass
7,86,p1,0285,gholdengo-lunatone,0044,other
7,130,p1,0094,mega-absol-box,0286,lucario-hariyama
7,19,p1,0298,raging-bolt-ogerpon,0216,grimmsnarl-froslass
7,137,p1,0114,mega-absol-box,0218,dragapult-dusknoir
7,139,p2,0304,ceruledge-ex,0323,joltik-box
7,121,p2,0266,ceruledge-ex,0024,gardevoir-ex-sv
7,89,p1,0305,gholdengo-lunatone,0270,n-zoroark
7,141,tie,0056,grimmsnarl-froslass,0314,dragapult-dusknoir
7,53,tie,0282,dragapult-dusknoir,0112,grimmsnarl-froslass
7,83,p2,0276,mega-absol-box,0290,dragapult-dusknoir
7,70,p2,0313,gholdengo-lunatone,0325,dragapult-dusknoir
7,140,p1,0064,dragapult-dusknoir,0132,gholdengo-lunatone
7,,bye,0192,joltik-box,,
7,131,p1,0328,flareon-noctowl,0337,ceruledge-ex
7,74,p2,0256,joltik-box,0182,festival-lead
7,1,p2,0008,raging-bolt-ogerpon,0343,raging-bolt-ogerpon
7,64,p2,0339,gardevoir-ex-sv,0246,gholdengo-lunatone
8,132,tie,0003,gholdengo-lunatone,0219,raging-bolt-ogerpon
8,90,p1,0005,gardevoir-ex-sv,0084,joltik-box
8,104,p1,0007,?,0036,flareon-noctowl
8,33,p2,0015,charizard-pidgeot,0211,tera-box
8,37,tie,0019,gardevoir-jellicent,0207,n-zoroark
8,86,tie,0021,dragapult-dusknoir,0037,ceruledge-ex
8,39,p1,0027,tera-box,0227,ceruledge-ex
8,13,tie,0025,gardevoir-ex-sv,0245,gardevoir-ex-sv
8,109,tie,0023,dragapult-dusknoir,0213,charizard-pidgeot
8,7,tie,0031,gardevoir-ex-sv,0284,gholdengo-lunatone
8,32,p2,0033,charizard-pidgeot,0081,dragapult-dusknoir
8,23,p2,0039,gholdengo-lunatone,0302,gardevoir-jellicent
8,4,tie,0043,ceruledge-ex,0247,mega-absol-box
8,118,p1,0045,gholdengo-lunatone,0260,charizard-pidgeot
8,131,p1,0047,raging-bolt-ogerpon,0165,n-zoroark
8,34,p2,0049,gardevoir-jellicent,0032,froslass-munkidori
8,49,p1,0051,gholdengo-lunatone,0262,dragapult-dusknoir
8,71,p2,0053,joltik-box,0340,gardevoir-ex-sv
8,76,p2,0055,gholdengo-lunatone,0157,gardevoir-jellicent
8,17,tie,0030,charizard-pidgeot,0131,gholdengo-lunatone
8,10,p1,0059,raging-bolt-ogerpon,0142,dragapult-dusknoir
8,113,p1,0061,gholdengo-lunatone,0134,gardevoir-ex-sv
8,3,p1,0063,gholdengo-lunatone,0008,raging-bolt-ogerpon
8,134,p1,0065,dragapult-dusknoir,0107,flareon-noctowl
8,12,tie,0069,gholdengo-lunatone,0179,iron-hands-magneton
8,79,p1,0067,grimmsnarl-froslass,0193,ceruledge-ex
8,127,p2,0073,gardevoir-jellicent,0126,gholdengo-lunatone
8,116,p1,0075,pidgeot-control,0114,mega-absol-box
8,139,p1,0050,mega-absol-box,0022,dragapult-dusknoir
8,88,p1,0077,raging-bolt-ogerpon,0341,mega-absol-box
8,41,p2,0079,gardevoir-ex-sv,0099,gholdengo-lunatone
8,107,tie,0083,gardevoir-ex-sv,0198,future-box
8,105,p2,0085,dragapult-dusknoir,0336,charizard-pidgeot
8,51,p1,0087,gholdengo-lunatone,0182,festival-lead
8,40,p1,0091,dragapult-dusknoir,0325,dragapult-dusknoir
8,28,p2,0089,crustle-dri,0272,gardevoir-ex-sv
8,47,p2,0016,gardevoir-ex-sv,0321,dragapult-dusknoir
8,93,p1,0097,mega-absol-box,0347,gardevoir-ex-sv
8,77,p1,0101,gholdengo-lunatone,0313,gholdengo-lunatone
8,102,p1,0109,joltik-box,0331,dragapult-dusknoir
8,125,p1,0060,grimmsnarl-froslass,0306,raging-bolt-ogerpon
8,57,p1,0105,gholdengo-lunatone,0080,raging-bolt-ogerpon
8,100,p2,0103,dragapult-charizard,0308,charizard-pidgeot
8,72,p1,0074,mega-absol-box,0200,gardevoir-ex-sv
8,30,p1,0111,gholdengo-lunatone,0318,archaludon-ex
8,92,p1,0113,gholdengo-lunatone,0252,raging-bolt-ogerpon
8,2,tie,0115,gholdengo-lunatone,0155,dragapult-dusknoir
8,70,p1,0119,gardevoir-ex-sv,0024,gardevoir-ex-sv
8,73,p2,0117,raging-bolt-ogerpon,0296,gardevoir-ex-sv
8,123,p1,0123,?,0288,flareon-noctowl
8,122,p2,0121,gardevoir-ex-sv,0184,charizard-pidgeot
8,43,p1,0127,gholdengo-lunatone,0108,joltik-box
8,9,p2,0133,gholdengo-lunatone,0236,charizard-pidgeot
8,31,p2,0135,dragapult-dusknoir,0124,gholdengo-lunatone
8,22,p2,0137,dragapult-dusknoir,0205,mega-absol-box
8,6,p1,0104,joltik-box,0298,raging-bolt-ogerpon
8,58,p2,0141,?,0171,grimmsnarl-froslass
8,128,p1,0143,raging-bolt-ogerpon,0240,gholdengo-lunatone
8,5,p1,0145,dragapult-dusknoir,0194,gholdengo-lunatone
8,114,p2,0140,grimmsnarl-froslass,0166,gardevoir-ex-sv
8,45,p1,0151,charizard-pidgeot,0090,gholdengo-lunatone
8,35,p1,0147,gholdengo-lunatone,0291,grimmsnarl-froslass
8,111,p1,0149,gholdengo-joltik-box,0270,n-zoroark
8,119,p2,0153,roaring-moon-ex,0138,grimmsnarl-froslass
8,29,p1,0018,dragapult-dusknoir,0263,charizard-pidgeot
8,52,p2,0086,joltik-box,0209,joltik-box
8,53,p1,0002,ceruledge-ex,0290,dragapult-dusknoir
8,64,p2,0159,raging-bolt-ogerpon,0309,dragapult-dusknoir
8,95,p1,0161,gholdengo-lunatone,0315,charizard-pidgeot
8,24,p2,0034,joltik-box,0204,gholdengo-lunatone
8,46,p2,0102,grimmsnarl-froslass,0183,joltik-box
8,89,p1,0169,charizard-pidgeot,0058,charizard-pidgeot
8,36,p1,0162,manectric-eelektrik,0231,mega-absol-box
8,27,tie,0167,grimmsnarl-froslass,0246,gholdengo-lunatone
8,91,p2,0136,crustle-dri,0048,raging-bolt-ogerpon
8,136,p2,0172,grimmsnarl-froslass,0056,grimmsnarl-froslass
8,59,p1,0040,gholdengo-lunatone,0305,gholdengo-lunatone
8,78,p1,0070,cynthia-garchomp-ex,0238,gholdengo-joltik-box
8,101,tie,0189,gardevoir-ex-sv,0094,mega-absol-box
8,8,p1,0185,gholdengo-lunatone,0178,gholdengo-lunatone
8,135,tie,0191,gholdengo-lunatone,0054,mega-absol-box
8,66,p2,0187,gholdengo-lunatone,0334,dragapult-dusknoir
8,69,p2,0156,tera-box,0228,charizard-pidgeot
8,21,p1,0118,raging-bolt-ogerpon,0274,gardevoir-jellicent
8,61,p1,0197,gholdengo-lunatone,0332,ceruledge-ex
8,56,p2,0150,raging-bolt-ogerpon,0042,gholdengo-joltik-box
8,19,p1,0152,charizard-pidgeot,0265,dragapult-dusknoir
8,16,tie,0196,gardevoir-ex-sv,0295,dragapult-dusknoir
8,81,p1,0203,gholdengo-lunatone,0158,mega-absol-box
8,18,p1,0201,crustle-dri,0289,n-zoroark
8,87,p1,0066,charizard-pidgeot,0233,gholdengo-lunatone
8,25,p2,0120,dragapult-charizard,0311,dragapult-dusknoir
8,99,p2,0098,ho-oh-armarouge,0052,charizard-pidgeot
8,83,tie,0146,gardevoir-jellicent,0243,ceruledge-ex
8,120,p2,0215,pidgeot-control,0266,ceruledge-ex
8,48,p1,0208,gardevoir-ex-sv,0261,ethan-typhlosion
8,26,p2,0223,grimmsnarl-froslass,0237,gardevoir-ex-sv
8,80,p1,0225,charizard-pidgeot,0283,gardevoir-ex-sv
8,74,p1,0106,gholdengo-lunatone,0212,grimmsnarl-froslass
8,110,p1,0229,roaring-moon-ex,0346,dragapult-charizard
8,15,p1,0235,charizard-pidgeot,0307,gholdengo-lunatone
8,60,p1,0239,gardevoir-jellicent,0264,dragapult-dusknoir
8,44,p1,0241,gholdengo-lunatone,0226,mega-absol-box
8,42,tie,0232,flareon-noctowl,0310,charizard-pidgeot
8,20,tie,0249,charizard-pidgeot,0180,charizard-pidgeot
8,129,p2,0253,charizard-pidgeot,0122,n-zoroark
8,106,p1,0251,gholdengo-lunatone,0044,other
8,82,p1,0110,gholdengo-lunatone,0303,gardevoir-ex-sv
8,117,p1,0128,grimmsnarl-froslass,0323,joltik-box
8,98,p1,0255,dragapult-dusknoir,0160,gardevoir-ex-sv
8,126,p2,0092,dragapult-dusknoir,0116,dragapult-dusknoir
8,14,tie,0230,gardevoir-ex-sv,0076,raging-bolt-ogerpon
8,11,p2,0267,dragapult-dusknoir,0242,gholdengo-lunatone
8,68,p1,0269,tera-box,0339,gardevoir-ex-sv
8,84,p2,0271,joltik-box,0026,gardevoir-ex-sv
8,108,p1,0062,gardevoir-jellicent,0328,flareon-noctowl
8,62,p2,0279,gardevoir-jellicent,0112,grimmsnarl-froslass
8,63,p1,0277,gardevoir-ex-sv,0316,zoroark-crustle
8,124,p1,0170,gardevoir-ex-sv,0222,raging-bolt-ogerpon
8,137,p2,0281,joltik-box,0218,dragapult-dusknoir
8,65,p2,0285,gholdengo-lunatone,0188,joltik-box
8,85,p2,0234,gholdengo-lunatone,0300,gardevoir-ex-sv
8,115,p1,0082,dragapult-dusknoir,0292,gholdengo-lunatone
8,94,p2,0088,joltik-box,0348,raging-bolt-ogerpon
8,,bye,0010,tera-box,,
8,38,p2,0216,grimmsnarl-froslass,0250,gholdengo-lunatone
8,55,p1,0282,dragapult-dusknoir,0220,raging-bolt-ogerpon
8,96,p1,0276,mega-absol-box,0014,joltik-box
8,133,tie,0314,dragapult-dusknoir,0286,lucario-hariyama
8,121,p2,0064,dragapult-dusknoir,0154,tera-box
8,138,p1,0192,joltik-box,0338,tera-box
8,112,p1,0174,gholdengo-lunatone,0349,n-zoroark
8,103,p2,0214,gholdengo-lunatone,0324,charizard-pidgeot
8,97,p1,0299,raging-bolt-ogerpon,0256,joltik-box
8,67,p2,0244,gardevoir-ex-sv,0224,grimmsnarl-froslass
8,50,p2,0322,tera-box,0342,gardevoir-ex-sv
8,75,p2,0100,gholdengo-lunatone,0350,ceruledge-ex
8,1,tie,0258,gholdengo-lunatone,0343,raging-bolt-ogerpon
8,54,tie,0168,dragapult-dusknoir,0176,dragapult-dusknoir
8,130,p2,0335,charizard-pidgeot,0096,raging-bolt-ogerpon
9,25,p2,0027,tera-box,0162,manectric-eelektrik
9,18,p1,0025,gardevoir-ex-sv,0142,dragapult-dusknoir
9,12,p1,0031,gardevoir-ex-sv,0201,crustle-dri
9,6,tie,0043,ceruledge-ex,0242,gholdengo-lunatone
9,27,tie,0030,charizard-pidgeot,0151,charizard-pidgeot
9,4,p2,0059,raging-bolt-ogerpon,0258,gholdengo-lunatone
9,1,tie,0063,gholdengo-lunatone,0343,raging-bolt-ogerpon
9,13,p2,0069,gholdengo-lunatone,0147,gholdengo-lunatone
9,14,p2,0081,dragapult-dusknoir,0099,gholdengo-lunatone
9,17,p2,0091,dragapult-dusknoir,0250,gholdengo-lunatone
9,28,p2,0111,gholdengo-lunatone,0179,iron-hands-magneton
9,3,p1,0115,gholdengo-lunatone,0185,gholdengo-lunatone
9,23,p2,0127,gholdengo-lunatone,0076,raging-bolt-ogerpon
9,24,p2,0131,gholdengo-lunatone,0183,joltik-box
9,16,p1,0133,gholdengo-lunatone,0245,gardevoir-ex-sv
9,2,p2,0104,joltik-box,0145,dragapult-dusknoir
9,22,p1,0124,gholdengo-lunatone,0241,gholdengo-lunatone
9,5,p1,0155,dragapult-dusknoir,0236,charizard-pidgeot
9,,bye,0018,dragapult-dusknoir,,
9,26,p2,0032,froslass-munkidori,0295,dragapult-dusknoir
9,9,p2,0118,raging-bolt-ogerpon,0194,gholdengo-lunatone
9,11,p1,0152,charizard-pidgeot,0204,gholdengo-lunatone
9,19,p2,0196,gardevoir-ex-sv,0211,tera-box
9,10,p1,0205,mega-absol-box,0302,gardevoir-jellicent
9,7,tie,0235,charizard-pidgeot,0008,raging-bolt-ogerpon
9,20,tie,0237,gardevoir-ex-sv,0298,raging-bolt-ogerpon
9,8,tie,0247,mega-absol-box,0284,gholdengo-lunatone
9,15,tie,0230,gardevoir-ex-sv,0272,gardevoir-ex-sv
9,21,tie,0311,dragapult-dusknoir,0178,gholdengo-lunatone
10,13,p2,0025,gardevoir-ex-sv,0099,gholdengo-lunatone
10,28,p1,0027,tera-box,0131,gholdengo-lunatone
10,4,tie,0031,gardevoir-ex-sv,0242,gholdengo-lunatone
10,14,p1,0043,ceruledge-ex,0183,joltik-box
10,19,tie,0030,charizard-pidgeot,0201,crustle-dri
10,15,p2,0059,raging-bolt-ogerpon,0185,gholdengo-lunatone
10,3,tie,0063,gholdengo-lunatone,0155,dragapult-dusknoir
10,23,p2,0069,gholdengo-lunatone,0298,raging-bolt-ogerpon
10,27,tie,0081,dragapult-dusknoir,0127,gholdengo-lunatone
10,25,p1,0091,dragapult-dusknoir,0032,froslass-munkidori
10,24,p2,0111,gholdengo-lunatone,0142,dragapult-dusknoir
10,2,p2,0115,gholdengo-lunatone,0258,gholdengo-lunatone
10,9,p2,0133,gholdengo-lunatone,0162,manectric-eelektrik
10,6,p2,0104,joltik-box,0152,charizard-pidgeot
10,1,tie,0145,dragapult-dusknoir,0343,raging-bolt-ogerpon
10,20,tie,0151,charizard-pidgeot,0118,raging-bolt-ogerpon
10,12,p2,0147,gholdengo-lunatone,0179,iron-hands-magneton
10,11,p1,0124,gholdengo-lunatone,0295,dragapult-dusknoir
10,10,p2,0018,dragapult-dusknoir,0247,mega-absol-box
10,26,p1,0196,gardevoir-ex-sv,0245,gardevoir-ex-sv
10,5,p2,0205,mega-absol-box,0194,gholdengo-lunatone
10,16,p2,0211,tera-box,0250,gholdengo-lunatone
10,8,p1,0235,charizard-pidgeot,0076,raging-bolt-ogerpon
10,22,p1,0237,gardevoir-ex-sv,0272,gardevoir-ex-sv
10,,bye,0241,gholdengo-lunatone,,
10,21,p2,0204,gholdengo-lunatone,0311,dragapult-dusknoir
10,17,p2,0230,gardevoir-ex-sv,0284,gholdengo-lunatone
10,18,p1,0302,gardevoir-jellicent,0178,gholdengo-lunatone
10,7,p1,0236,charizard-pidgeot,0008,raging-bolt-ogerpon
11,18,p2,0027,tera-box,0295,dragapult-dusknoir
11,19,p2,0025,gardevoir-ex-sv,0076,raging-bolt-ogerpon
11,11,tie,0031,gardevoir-ex-sv,0205,mega-absol-box
11,6,p1,0043,ceruledge-ex,0236,charizard-pidgeot
11,22,p1,0030,charizard-pidgeot,0118,raging-bolt-ogerpon
11,17,p2,0059,raging-bolt-ogerpon,0196,gardevoir-ex-sv
11,8,p1,0063,gholdengo-lunatone,0162,manectric-eelektrik
11,,bye,0069,gholdengo-lunatone,,
11,25,p2,0081,dragapult-dusknoir,0230,gardevoir-ex-sv
11,20,p1,0091,dragapult-dusknoir,0142,dragapult-dusknoir
11,7,p1,0099,gholdengo-lunatone,0235,charizard-pidgeot
11,28,tie,0111,gholdengo-lunatone,0131,gholdengo-lunatone
11,9,p2,0115,gholdengo-lunatone,0247,mega-absol-box
11,26,p1,0127,gholdengo-lunatone,0204,gholdengo-lunatone
11,15,p2,0133,gholdengo-lunatone,0211,tera-box
11,12,p2,0104,joltik-box,0237,gardevoir-ex-sv
11,1,tie,0145,dragapult-dusknoir,0258,gholdengo-lunatone
11,21,p2,0147,gholdengo-lunatone,0008,raging-bolt-ogerpon
11,23,tie,0151,charizard-pidgeot,0201,crustle-dri
11,5,p1,0124,gholdengo-lunatone,0250,gholdengo-lunatone
11,3,p1,0155,dragapult-dusknoir,0152,charizard-pidgeot
11,14,tie,0018,dragapult-dusknoir,0302,gardevoir-jellicent
11,27,p2,0032,froslass-munkidori,0245,gardevoir-ex-sv
11,4,p1,0179,iron-hands-magneton,0185,gholdengo-lunatone
11,16,p1,0183,joltik-box,0241,gholdengo-lunatone
11,13,p1,0298,raging-bolt-ogerpon,0311,dragapult-dusknoir
11,10,p2,0284,gholdengo-lunatone,0242,gholdengo-lunatone
11,2,p2,0194,gholdengo-lunatone,0343,raging-bolt-ogerpon
11,24,p2,0272,gardevoir-ex-sv,0178,gholdengo-lunatone
12,,bye,0043,ceruledge-ex,,
12,,bye,0063,gholdengo-lunatone,,
12,1,p1,0099,gholdengo-lunatone,0179,iron-hands-magneton
12,,bye,0145,dragapult-dusknoir,,
12,2,p2,0124,gholdengo-lunatone,0247,mega-absol-box
12,,bye,0155,dragapult-dusknoir,,
12,,bye,0258,gholdengo-lunatone,,
12,,bye,0343,raging-bolt-ogerpon,,
13,2,p2,0043,ceruledge-ex,0145,dragapult-dusknoir
13,3,p2,0063,gholdengo-lunatone,0258,gholdengo-lunatone
13,1,p1,0099,gholdengo-lunatone,0343,raging-bolt-ogerpon
13,4,p1,0155,dragapult-dusknoir,0247,mega-absol-box
14,1,p2,0099,gholdengo-lunatone,0145,dragapult-dusknoir
14,2,p1,0155,dragapult-dusknoir,0258,gholdengo-lunatone
15,1,p2,0145,dragapult-dusknoir,0155,dragapult-dusknoir
